taxon,specimen,ITS,ncpGS,psbA_trnH,psbJ_petA,rbcL,trnL_trnF,trnS_trnG,trnT_trnL
Ackama_rosifolia,UnknownN,DQ499074,NA,NA,NA,NA,NA,NA,NA
Acrophyllum_australe,UnknownN,NA,NA,NA,NA,AF291926,AF299221,NA,NA
Anodopetalum_biglandulosum,UnknownN,NA,NA,NA,NA,AF291932,AF299228,NA,NA
Bauera_capitata,600400468,NA,NA,ON594432,NA,ON594147,NA,NA,NA
Caldcluvia_paniculosa,UnknownN,DQ499068,NA,NA,NA,NA,NA,NA,NA
Callicoma_serratifolia,CUN120,PQ778287,NA,NA,NA,NA,NA,NA,NA
Ceratopetalum_apetalum,UnknownN,DQ499070,NA,NA,NA,NA,NA,NA,NA
Codia_albicans,CUN121,NA,NA,NA,NA,NA,PQ879016,NA,NA
Cunonia_balansae,CUN069,PQ778246,NA,NA,NA,NA,PQ878973,NA,NA
Davidsonia_pruriens,Carlsen3197,OL536442,NA,NA,NA,OL536852,NA,NA,NA
Eucryphia_cordifolia,CONC125000,OK052514,NA,NA,NA,NA,NA,NA,NA
Geissois_pruinosa,CUN159,NA,NA,NA,NA,NA,PQ879045,NA,NA
Gillbeea_adenopetala,UnknownN,NA,NA,NA,NA,AF291927,AF299222,NA,NA
Hooglandia_ignambiensis,UnknownN,NA,NA,NA,NA,ON594147,AY549640,NA,NA
Karrabina_biagiana,UnknownN,NA,NA,NA,NA,NA,KF594404,NA,NA
Lamononia_ternata,Blum10-127,KF420994,NA,NA,NA,NA,NA,NA,NA
Opocunonia_papuana,UnknownN,DQ499069,NA,NA,NA,NA,NA,NA,NA
Pancheria_hirsuta,CUN132,PQ778260,NA,NA,NA,NA,PQ878988,NA,NA
Platylophus_trifoliatus,UnknownN,NA,NA,NA,NA,AF291933,AF299230,NA,NA
Pullea_stutzeri,WellsJ164-Pst,NA,NA,NA,NA,NA,KC428593,NA,NA
Pseudoweinmannia_lanchnocarpa,UnknownN,NA,NA,NA,NA,AF291925,AF299220,NA,NA
Schizomeria_ovata,UnknownN,NA,NA,NA,NA,NA,AF299231,NA,NA
Spiraeanthemum_ellipticum,UnknownN,NA,NA,NA,NA,AF291935,AF299232,NA,NA
Spiraeopsis_celebica,UnknownN,AF485641,NA,NA,NA,AF291923,AF299217,NA,NA
Vesselowskya_rubifolia,CUN136,PQ778296,NA,NA,NA,NA,PQ879030,NA,NA
Weinmannia_reticulata,CUN111,PQ778279,NA,NA,NA,NA,PQ879007,NA,NA
Aceratium_ferrugineum,Harrington296,DQ448685,NA,NA,NA,NA,DQ444681,NA,NA
Aristotelia_fruticosa,Chase781,DQ448662,NA,NA,NA,NA,DQ444662,NA,NA
Crinodendron_patagua,AllenNSW605484,DQ448674,NA,NA,NA,NA,DQ444666,NA,NA
Dubouzetia_campanulata,Crayn745,KJ675676,NA,NA,NA,NA,DQ444667,NA,NA
Elaeocarpus_angustifolius,J315,KR532042,NA,KR532886,NA,KR529191,NA,NA,NA
Peripentadenia_phelpsii,Crayn887,DQ448678,NA,NA,NA,NA,DQ444671,NA,NA
Platytheca_galioides,Crayn701,EF095731,NA,NA,NA,NA,NA,NA,NA
Sericolea_micans,Crayn536,KJ675672,NA,NA,NA,NA,DQ444673,NA,NA
Sloanaea_syandra,UnknownN,OK052512,NA,NA,NA,NA,NA,NA,NA
Tetratheca_hirsuta,Butcher915,EF095732,NA,NA,NA,NA,EF095742,NA,NA
Tremandra_diffusa,Butcher961,DQ448672,NA,NA,NA,NA,DQ444701,NA,NA
Vallea_stipularis,Chase654,DQ448665,NA,NA,NA,NA,DQ444664,NA,NA
Brunellia_tomentosa,Orozco4123,OK052555,NA,NA,NA,NA,NA,NA,NA
Brunellia_colombiana,Orozco4081,OK052538,NA,NA,NA,NA,NA,NA,NA
Cephalotus_follicularis,UnknownN,NA,NA,NA,NA,NA,AF299246,NA,NA
Agelaea_borneensis,AS166,NA,NA,NA,NA,KU853162,KU853218,NA,NA
Cnestis_polyphylla,Abbott9113,NA,NA,NA,NA,JX572418,NA,NA,NA
Cnestidium_rufescens,DB0784,NA,NA,MZ478332,NA,KJ594182,NA,NA,NA
Connarus_championii,Samuel3126,AY935892,NA,NA,NA,NA,AY935783,NA,NA
Ellipanthus_glabrifolius,CPG00356,NA,NA,NA,NA,KX527037,NA,NA,NA
Jollydora_glandulosa,Mambo5146,NA,NA,NA,NA,KC628392,NA,NA,NA
Rourea_orientalis,Gostel1746,OL537284,NA,OK631992,NA,NA,NA,NA,NA
Averrhoa_bilimbi,AVBIL,EU436862,NA,NA,NA,NA,AJ582291,EU437151,NA
Averrhoa_carambola,AVCAR,EU436863,NA,NA,NA,NA,EU437032,EU437152,NA
Biophytum_abyssinicum,BIOAB,EU436864,NA,NA,NA,NA,AJ582292,EU437153,NA
Biophytum_sensitivum,Carlsen3550,OL536383,NA,OL312396,NA,OL536778,NA,NA,NA
Dapania_pentandra,DAPEN,EU436861,NA,NA,NA,NA,EU437031,EU437150,NA
Sarcotheca_laxa,SARLAX,EU436859,NA,NA,NA,NA,NA,EU437148,NA
Sarcotheca_monophylla,SARMON,EU436860,NA,NA,NA,NA,EU437030,EU437149,NA
Oxalis_adenophylla,LZ160,1,NA,NA,NA,NA,1,NA,NA
Oxalis_alstonii,Fiaschi5363,1,NA,NA,1,NA,1,NA,NA
Oxalis_alvimii,Fiaschi4597,1,NA,NA,NA,NA,NA,NA,NA
Oxalis_animarum,Cabral275,1,NA,NA,1,NA,1,NA,NA
Oxalis_argentina,FOZ12028,1,NA,NA,NA,NA,1,NA,NA
Oxalis_artemioides,Sartor81,1,NA,NA,1,NA,NA,NA,NA
Oxalis_articulata,MM4524,1,NA,NA,NA,NA,1,NA,NA
Oxalis_barrelieri,Fiaschi4654,1,NA,NA,NA,NA,NA,NA,NA
Oxalis_brasiliensis,FOZ11401,1,NA,NA,NA,NA,1,NA,NA
Oxalis_caesariata,Radavelli62,1,NA,NA,1,NA,1,NA,NA
Oxalis_caesariata,Fiaschi5273,1,NA,NA,1,NA,1,NA,NA
Oxalis_cauliflora,Vasques78,1,NA,NA,1,NA,1,NA,NA
Oxalis_cerradoana,Cabral259,1,NA,NA,1,NA,1,NA,NA
Oxalis_cf_alstonii,Cabral273,1,NA,NA,1,NA,1,NA,NA
Oxalis_cf_cerradoana,Cabral251,1,NA,NA,1,NA,1,NA,NA
Oxalis_cf_neuwiedii,Rhoden8,1,NA,NA,1,NA,1,NA,NA
Oxalis_cf_roselata,Rhoden16,1,NA,NA,1,NA,1,NA,NA
Oxalis_cipoensis,Costa110,1,NA,NA,1,NA,1,NA,NA
Oxalis_colatinensis,Fiaschi4625,1,NA,NA,NA,NA,NA,NA,NA
Oxalis_colatinensis,Fiaschi4631,1,NA,NA,NA,NA,NA,NA,NA
Oxalis_conorrhiza,MM4518,1,NA,NA,NA,NA,NA,NA,NA
Oxalis_conorrhiza,FOZ12216,NA,NA,NA,NA,NA,1,NA,NA
Oxalis_corniculata,FOZ13216,1,NA,NA,NA,NA,1,NA,NA
Oxalis_decipiens,Vasques57,1,NA,NA,1,NA,1,NA,NA
Oxalis_desmodioides,Cabral194,1,NA,NA,1,NA,1,NA,NA
Oxalis_dombey,Cornejo10089,1,NA,NA,1,NA,1,NA,NA
Oxalis_dombey,Cornejo10158,1,NA,NA,1,NA,1,NA,NA
Oxalis_enneaphylla,LZ231,1,NA,NA,NA,NA,1,NA,NA
Oxalis_eriocarpa,OM6313,1,NA,NA,NA,NA,1,NA,NA
Oxalis_erytrorrhiza,FOZ12781,1,NA,NA,NA,NA,NA,NA,NA
Oxalis_famatinae,FOZ11970,1,NA,NA,NA,NA,1,NA,NA
Oxalis_floribunda,OM6243,1,NA,NA,NA,NA,1,NA,NA
Oxalis_frutescens,FOZ11549,NA,NA,NA,NA,NA,1,NA,NA
Oxalis_fruticosa,Fiaschi4658,1,NA,NA,NA,NA,NA,NA,NA
Oxalis_gardneriana,Scatigna1336,1,NA,NA,1,NA,1,NA,NA
Oxalis_gracilifolia,Cabral193,1,NA,NA,1,NA,1,NA,NA
Oxalis_grisea,Simon2781,1,NA,NA,1,NA,1,NA,NA
Oxalis_hedysaroides,Cogollo2943,NA,NA,NA,1,NA,1,NA,NA
Oxalis_hedysaroides,Cornejo10079,1,NA,NA,1,NA,1,NA,NA
Oxalis_hispidula,Giussani422,1,NA,NA,NA,NA,NA,NA,NA
Oxalis_jasminifolia,Pennington12342,1,NA,NA,NA,NA,NA,NA,NA
Oxalis_jasminifolia,Cornejo9331,1,NA,NA,1,NA,1,NA,NA
Oxalis_kollmannii,Manhaes176,1,NA,NA,NA,NA,NA,NA,NA
Oxalis_laxa_var_hispidula,FOZ12608,1,NA,NA,NA,NA,NA,NA,NA
Oxalis_laxa_var_hispidula,FOZ12555,1,NA,NA,NA,NA,1,NA,NA
Oxalis_lomana,Gaspar46,1,NA,NA,NA,1,NA,NA,NA
Oxalis_lomana,Gaspar2,1,NA,1,NA,1,NA,NA,NA
Oxalis_lomana,Gaspar55,1,NA,1,NA,1,NA,NA,NA
Oxalis_lutzii,Fiaschi5596,1,NA,NA,1,NA,NA,NA,NA
Oxalis_megalorrhiza,Gaspar173,1,NA,1,NA,1,NA,NA,NA
Oxalis_micrantha,FOZ12313,NA,NA,NA,NA,NA,1,NA,NA
Oxalis_micrantha,FOZ12428,1,NA,NA,NA,NA,1,NA,NA
Oxalis_micrantha,FOZ12338,NA,NA,NA,NA,NA,1,NA,NA
Oxalis_microcarpa,Cornejo9341,1,NA,NA,1,NA,NA,NA,NA
Oxalis_monochasiata,Fiaschi4585,1,NA,NA,NA,NA,NA,NA,NA
Oxalis_morronei,LZ204,1,NA,NA,NA,NA,1,NA,NA
Oxalis_muscoides,FOZ12256,NA,NA,NA,NA,NA,1,NA,NA
Oxalis_neuwiedii_subsp_neuwiedii,Santos749,1,NA,NA,NA,NA,NA,NA,NA
Oxalis_neuwiedii_subsp_neuwiedii,Perdiz174,1,NA,NA,NA,NA,NA,NA,NA
Oxalis_niederleinii,OM6328,1,NA,NA,NA,NA,1,NA,NA
Oxalis_pachyrrhiza,FOZ11802,NA,NA,NA,NA,NA,1,NA,NA
Oxalis_pardoensis,Caxambu5990,1,NA,NA,1,NA,1,NA,NA
Oxalis_pataxorum,Cabral196,1,NA,NA,1,NA,1,NA,NA
Oxalis_perdicaria,Giussani423,1,NA,NA,NA,NA,1,NA,NA
Oxalis_pickeringii,Gaspar175,1,NA,NA,1,1,1,NA,NA
Oxalis_pilulifera,Sartor48,NA,NA,NA,1,NA,NA,NA,NA
Oxalis_polymorpha_subsp_polymorpha,Fiaschi4618,1,NA,NA,NA,NA,NA,NA,NA
Oxalis_polymorpha_subsp_tijucana,Fiaschi44722,1,NA,NA,NA,NA,NA,NA,NA
Oxalis_puberula,Rhoden7,1,NA,NA,1,NA,1,NA,NA
Oxalis_pycnophylla,FOZ11747,1,NA,NA,NA,NA,1,NA,NA
Oxalis_pyrenea_var_macrochaeta,Radavelli67,NA,NA,NA,1,NA,1,NA,NA
Oxalis_pyrenea_var_pyrenea,Sartor65,1,NA,NA,1,NA,1,NA,NA
Oxalis_rhombeo-ovata,Fiaschi4464,1,NA,NA,NA,NA,NA,NA,NA
Oxalis_sellowiana_forma_sellowiana,Giussani421,1,NA,NA,NA,NA,1,NA,NA
Oxalis_sepium,Radavelli76,NA,NA,NA,1,NA,1,NA,NA
Oxalis_sp_Lopez_unpub1,OM6349,1,NA,NA,NA,NA,NA,NA,NA
Oxalis_sp_Lopez_unpub2,FOZ12049,1,NA,NA,NA,NA,1,NA,NA
Oxalis_spiralis,FOZ11469,1,NA,NA,NA,NA,NA,NA,NA
Oxalis_spiralis,FOZ11633,1,NA,NA,NA,NA,1,NA,NA
Oxalis_squamata,FOZ12520,1,NA,NA,NA,NA,1,NA,NA
Oxalis_tijucana,Vasques85,1,NA,NA,1,NA,1,NA,NA
Oxalis_umbraticola,Nery91,NA,NA,NA,1,NA,1,NA,NA
Oxalis_valdiviensis,LZ81,1,NA,NA,NA,NA,1,NA,NA
Oxalis_valdiviensis,LZ128,1,NA,NA,NA,NA,1,NA,NA
Oxalis_veadeirosensis,Fiaschi5330,1,NA,NA,1,NA,1,NA,NA
Oxalis_veadeirosensis,Sartor52,NA,NA,NA,1,NA,NA,NA,NA
Oxalis_acetosella,Aoki65,LC206092,NA,NA,LC206199,NA,LC206413,NA,LC206306
Oxalis_acetosella,Aoki67,LC206094,NA,NA,LC206201,NA,LC206415,NA,LC206308
Oxalis_acetosella,Aoki69,LC206096,NA,NA,LC206203,NA,LC206417,NA,LC206310
Oxalis_acetosella,Aoki70,LC206098,NA,NA,LC206205,NA,LC206419,NA,LC206312
Oxalis_acetosella,Aoki172,LC206019,NA,NA,LC206127,NA,LC206341,NA,LC206234
Oxalis_acetosella,Aoki198,LC206022,NA,NA,LC206130,NA,LC206344,NA,LC206237
Oxalis_acetosella,Aoki204,LC206023,NA,NA,LC206131,NA,LC206345,NA,LC206238
Oxalis_acetosella,Aoki210,LC206024,NA,NA,LC206132,NA,LC206346,NA,LC206239
Oxalis_acetosella,Aoki222,LC206026,NA,NA,LC206134,NA,LC206348,NA,LC206241
Oxalis_acetosella,Aoki226,LC206027,NA,NA,LC206135,NA,LC206349,NA,LC206242
Oxalis_acetosella,Aoki233,LC206028,NA,NA,LC206136,NA,LC206350,NA,LC206243
Oxalis_acetosella,Aoki248,LC206031,NA,NA,LC206139,NA,LC206353,NA,LC206246
Oxalis_acetosella,Aoki257,LC206032,NA,NA,LC206140,NA,LC206354,NA,LC206247
Oxalis_acetosella,Aoki263,LC206034,NA,NA,LC206142,NA,LC206356,NA,LC206249
Oxalis_acetosella,Aoki270,LC206035,NA,NA,LC206143,NA,LC206357,NA,LC206250
Oxalis_acetosella,Aoki276,LC206036,NA,NA,LC206144,NA,LC206358,NA,LC206251
Oxalis_acetosella,Aoki282,LC206037,NA,NA,LC206145,NA,LC206359,NA,LC206252
Oxalis_acetosella,Aoki289,LC206039,NA,NA,LC206147,NA,LC206361,NA,LC206254
Oxalis_acetosella,Aoki291,LC206040,NA,NA,LC206148,NA,LC206362,NA,LC206255
Oxalis_acetosella,Aoki293,LC206041,NA,NA,LC206149,NA,LC206363,NA,LC206256
Oxalis_acetosella,Aoki294,LC206042,NA,NA,LC206150,NA,LC206364,NA,LC206257
Oxalis_acetosella,Aoki332,LC206049,NA,NA,LC206157,NA,LC206371,NA,LC206264
Oxalis_acetosella,Aoki347,LC206051,NA,NA,LC206159,NA,LC206373,NA,LC206266
Oxalis_acetosella,Aoki402,LC206059,NA,NA,LC206167,NA,LC206381,NA,LC206274
Oxalis_acetosella,Aoki403,LC206060,NA,NA,LC206168,NA,LC206382,NA,LC206275
Oxalis_acetosella,Aoki410,LC206064,NA,NA,LC206172,NA,LC206386,NA,LC206279
Oxalis_acetosella,Aoki411,LC206065,NA,NA,LC206173,NA,LC206387,NA,LC206280
Oxalis_acetosella,Aoki412,LC206066,NA,NA,LC206174,NA,LC206388,NA,LC206281
Oxalis_acetosella,Aoki415,LC206069,NA,NA,LC206177,NA,LC206391,NA,LC206284
Oxalis_acetosella,Aoki76,LC206103,NA,NA,LC206210,NA,LC206424,NA,LC206317
Oxalis_acetosella,DE0BONN34625,LC206083,NA,NA,LC206190,NA,LC206404,NA,LC206297
Oxalis_acetosella,Aoki447,LC206084,NA,NA,LC206191,NA,LC206405,NA,LC206298
Oxalis_acetosella,Aoki450,LC206086,NA,NA,LC206193,NA,LC206407,NA,LC206300
Oxalis_acetosella,Bouchard89216,LC206111,NA,NA,LC206218,NA,LC206432,NA,LC206325
Oxalis_acetosella,Aoki416,LC206070,NA,NA,LC206178,NA,LC206392,NA,LC206285
Oxalis_acetosella,Emshwiller114,JN603193,NA,NA,JN836783,NA,JN639537,NA,JN836853
Oxalis_corymbosa,Aoki16,LC206018,NA,NA,LC206126,NA,LC206340,NA,LC206233
Oxalis_formosana,Aoki181,LC206020,NA,NA,LC206128,NA,LC206342,NA,LC206235
Oxalis_formosana,Aoki239,LC206029,NA,NA,LC206137,NA,LC206351,NA,LC206244
Oxalis_formosana,Aoki24,LC206030,NA,NA,LC206138,NA,LC206352,NA,LC206245
Oxalis_formosana,Aoki428,LC206078,NA,NA,LC206186,NA,LC206400,NA,LC206293
Oxalis_formosana,Aoki434,LC206079,NA,NA,LC206187,NA,LC206401,NA,LC206294
Oxalis_formosana,Aoki435,LC206080,NA,NA,LC206188,NA,LC206402,NA,LC206295
Oxalis_griffithii,Aoki35,LC206055,NA,NA,LC206163,NA,LC206377,NA,LC206270
Oxalis_griffithii,Aoki44,LC206085,NA,NA,LC206192,NA,LC206406,NA,LC206299
Oxalis_griffithii,Aoki45,LC206088,NA,NA,LC206195,NA,LC206409,NA,LC206302
Oxalis_griffithii,Aoki46,LC206089,NA,NA,LC206196,NA,LC206410,NA,LC206303
Oxalis_griffithii,Aoki61,LC206090,NA,NA,LC206197,NA,LC206411,NA,LC206304
Oxalis_griffithii,Aoki63,LC206091,NA,NA,LC206198,NA,LC206412,NA,LC206305
Oxalis_griffithii,Aoki66,LC206093,NA,NA,LC206200,NA,LC206414,NA,LC206307
Oxalis_griffithii,Aoki68,LC206095,NA,NA,LC206202,NA,LC206416,NA,LC206309
Oxalis_griffithii,Aoki71,LC206099,NA,NA,LC206206,NA,LC206420,NA,LC206313
Oxalis_griffithii,Aoki72,LC206100,NA,NA,LC206207,NA,LC206421,NA,LC206314
Oxalis_griffithii,Aoki83,LC206108,NA,NA,LC206215,NA,LC206429,NA,LC206322
Oxalis_griffithii,Aoki84,LC206109,NA,NA,LC206216,NA,LC206430,NA,LC206323
Oxalis_griffithii,Aoki114,LC206006,NA,NA,LC206114,NA,LC206328,NA,LC206221
Oxalis_griffithii,Aoki119,LC206007,NA,NA,LC206115,NA,LC206329,NA,LC206222
Oxalis_griffithii,Aoki123,LC206008,NA,NA,LC206116,NA,LC206330,NA,LC206223
Oxalis_griffithii,Aoki125,LC206009,NA,NA,LC206117,NA,LC206331,NA,LC206224
Oxalis_griffithii,Aoki130,LC206010,NA,NA,LC206118,NA,LC206332,NA,LC206225
Oxalis_griffithii,Aoki135,LC206011,NA,NA,LC206119,NA,LC206333,NA,LC206226
Oxalis_griffithii,Aoki145,LC206012,NA,NA,LC206120,NA,LC206334,NA,LC206227
Oxalis_griffithii,AokiN,LC206013,NA,NA,LC206121,NA,LC206335,NA,LC206228
Oxalis_griffithii,Aoki151,LC206014,NA,NA,LC206122,NA,LC206336,NA,LC206229
Oxalis_griffithii,Aoki153,LC206015,NA,NA,LC206123,NA,LC206337,NA,LC206230
Oxalis_griffithii,Aoki160,LC206016,NA,NA,LC206124,NA,LC206338,NA,LC206231
Oxalis_griffithii,Aoki166,LC206017,NA,NA,LC206125,NA,LC206339,NA,LC206232
Oxalis_griffithii,Aoki218,LC206025,NA,NA,LC206133,NA,LC206347,NA,LC206240
Oxalis_griffithii,Aoki283,LC206038,NA,NA,LC206146,NA,LC206360,NA,LC206253
Oxalis_griffithii,Aoki303,LC206043,NA,NA,LC206151,NA,LC206365,NA,LC206258
Oxalis_griffithii,Aoki310,LC206045,NA,NA,LC206153,NA,LC206367,NA,LC206260
Oxalis_griffithii,Aoki316,LC206046,NA,NA,LC206154,NA,LC206368,NA,LC206261
Oxalis_griffithii,Aoki322,LC206047,NA,NA,LC206155,NA,LC206369,NA,LC206262
Oxalis_griffithii,Aoki326,LC206048,NA,NA,LC206156,NA,LC206370,NA,LC206263
Oxalis_griffithii,Aoki341,LC206050,NA,NA,LC206158,NA,LC206372,NA,LC206265
Oxalis_griffithii,Aoki396,LC206057,NA,NA,LC206165,NA,LC206379,NA,LC206272
Oxalis_griffithii,Aoki397,LC206058,NA,NA,LC206166,NA,LC206380,NA,LC206273
Oxalis_griffithii,Aoki407,LC206061,NA,NA,LC206169,NA,LC206383,NA,LC206276
Oxalis_griffithii,Aoki408,LC206062,NA,NA,LC206170,NA,LC206384,NA,LC206277
Oxalis_griffithii,Aoki409,LC206063,NA,NA,LC206171,NA,LC206385,NA,LC206278
Oxalis_griffithii,Aoki413,LC206067,NA,NA,LC206175,NA,LC206389,NA,LC206282
Oxalis_griffithii,Aoki445,LC206082,NA,NA,LC206189,NA,LC206403,NA,LC206296
Oxalis_griffithii,Aoki185,LC206021,NA,NA,LC206129,NA,LC206343,NA,LC206236
Oxalis_griffithii,Aoki79,LC206104,NA,NA,LC206211,NA,LC206425,NA,LC206318
Oxalis_griffithii,Aoki80,LC206105,NA,NA,LC206212,NA,LC206426,NA,LC206319
Oxalis_griffithii,Aoki357,LC206053,NA,NA,LC206161,NA,LC206375,NA,LC206268
Oxalis_griffithii,Aoki81,LC206106,NA,NA,LC206213,NA,LC206427,NA,LC206320
Oxalis_griffithii,Aoki82,LC206107,NA,NA,LC206214,NA,LC206428,NA,LC206321
Oxalis_griffithii,Aoki414,LC206068,NA,NA,LC206176,NA,LC206390,NA,LC206283
Oxalis_griffithii,Aoki418,LC206071,NA,NA,LC206179,NA,LC206393,NA,LC206286
Oxalis_griffithii,Aoki419,LC206072,NA,NA,LC206180,NA,LC206394,NA,LC206287
Oxalis_griffithii,Aoki421,LC206074,NA,NA,LC206182,NA,LC206396,NA,LC206289
Oxalis_griffithii,Aoki425,LC206075,NA,NA,LC206183,NA,LC206397,NA,LC206290
Oxalis_griffithii,Aoki426,LC206076,NA,NA,LC206184,NA,LC206398,NA,LC206291
Oxalis_kantoensis,Aoki25,LC206033,NA,NA,LC206141,NA,LC206355,NA,LC206248
Oxalis_kantoensis,Aoki30,LC206044,NA,NA,LC206152,NA,LC206366,NA,LC206259
Oxalis_kantoensis,Aoki106,LC206004,NA,NA,LC206112,NA,LC206326,NA,LC206219
Oxalis_kantoensis,Aoki109,LC206005,NA,NA,LC206113,NA,LC206327,NA,LC206220
Oxalis_kantoensis,Aoki359,LC206054,NA,NA,LC206162,NA,LC206376,NA,LC206269
Oxalis_kantoensis,Aoki38,LC206056,NA,NA,LC206164,NA,LC206378,NA,LC206271
Oxalis_kantoensis,Aoki454,LC206087,NA,NA,LC206194,NA,LC206408,NA,LC206301
Oxalis_leucolepis,Aoki420,LC206073,NA,NA,LC206181,NA,LC206395,NA,LC206288
Oxalis_magellanica,Aoki427,LC206077,NA,NA,LC206185,NA,LC206399,NA,LC206292
Oxalis_oregana,Olmstead2003-33,JN159893,NA,NA,JN836782,NA,NA,NA,JN836852
Oxalis_pes-caprae,Aoki6,LC206097,NA,NA,LC206204,NA,LC206418,NA,LC206311
Oxalis_rosea,Lammers7916,JN603194,NA,NA,JN836784,NA,JN639538,NA,JN836854
Oxalis_spiralis,Aoki85,LC206110,NA,NA,LC206217,NA,LC206431,NA,LC206324
Oxalis_taimonii,Wang4456,LC206081,NA,NA,LC215384,NA,NA,NA,NA
Oxalis_triangulata,Aoki34,LC206052,NA,NA,LC206160,NA,LC206374,NA,LC206267
Oxalis_triangulata,Aoki73,LC206101,NA,NA,LC206208,NA,LC206422,NA,LC206315
Oxalis_triangulata,Aoki74,LC206102,NA,NA,LC206209,NA,LC206423,NA,LC206316
Oxalis_wulingensis,Deng544,JX445132,NA,NA,NA,NA,NA,NA,NA
Oxalis_trillifolia,MO275113,LC368450,NA,NA,LC368452,NA,LC368454,NA,LC368453
Oxalis_densifolia,Cabral93,OQ310875,NA,NA,OQ295996,NA,OQ296022,NA,NA
Oxalis_zamorana,Balslev6515,OQ623657,NA,NA,NA,NA,OR099886,NA,NA
Oxalis_zamorana,Madsen75130,OQ623658,NA,NA,OR099863,NA,NA,NA,NA
Oxalis_alvimii,Fiaschi4597,OQ310870,NA,NA,OQ295991,NA,OQ296017,NA,NA
Oxalis_mandioccana,Richetti29,OQ310885,NA,NA,OQ296006,NA,OQ296033,NA,NA
Oxalis_capixaba,Costa117,OQ310893,NA,NA,OQ296013,NA,OQ296041,NA,NA
Oxalis_sciophila,Costa118,OQ310890,NA,NA,OQ296011,NA,OQ296039,NA,NA
Oxalis_leonii,Costa122,OQ310892,NA,NA,OQ296012,NA,OQ296040,NA,NA
Oxalis_occulta,Fiaschi5058,OQ310894,NA,NA,OQ296014,NA,OQ296042,NA,NA
Oxalis_fruticosa,Fiaschi4658,OQ310877,NA,NA,OQ295998,NA,OQ296024,NA,NA
Oxalis_glaucescens,Felix13539,KC602029,NA,NA,KC602053,NA,KC602083,NA,NA
Oxalis_glaucescens,Melo6630,NA,NA,NA,OR099844,NA,OR099870,NA,NA
Oxalis_alstonii,Vaio413,MH705067,NA,NA,MH705088,NA,EU437129,NA,NA
Oxalis_alstonii,Costa882,OQ623639,NA,NA,OR099837,NA,OR099864,NA,NA
Oxalis_alstonii,Fiaschi5180,OQ623644,NA,NA,OR099846,NA,NA,NA,NA
Oxalis_blackii,Fiaschi4661,OQ623641,NA,NA,OR099839,NA,NA,NA,NA
Oxalis_blackii,Costa115,MH705068,NA,NA,MH705089,NA,MH705073,NA,NA
Oxalis_colatinensis,Fiaschi4625,MH705069,NA,NA,MH705090,NA,MH705074,NA,NA
Oxalis_colatinensis,Fiaschi4631,OQ310873,NA,NA,OQ295994,NA,OQ296020,NA,NA
Oxalis_kollmannii,Fiaschi4663,OQ310872,NA,NA,OQ295993,NA,OQ296019,NA,NA
Oxalis_neuwiedii,Almeida1336,MH705072,NA,NA,MH705094,NA,MH705078,NA,NA
Oxalis_polymorpha_var_cauliflora,Richetti70,OQ623652,NA,NA,OR099854,NA,OR099878,NA,NA
Oxalis_animarum,Fiaschi4591,OQ623653,NA,NA,OR099855,NA,OR099879,NA,NA
Oxalis_umbraticola,UnknownN,NA,NA,NA,MH705095,NA,MH705079,NA,NA
Oxalis_erosa,UnknownN,MH705070,NA,NA,MH705092,NA,MH705076,NA,NA
Oxalis_erosa,Cabral138,OQ310876,NA,NA,OQ295997,NA,OQ296023,NA,NA
Oxalis_psoraleoides_subsp_insipida,Antar1317,NA,NA,NA,OR099856,NA,OR099880,NA,NA
Oxalis_psoraleoides_subsp_insipida,CabralIS4,OR094469,NA,NA,OR099857,NA,NA,NA,NA
Oxalis_psoraleoides_subsp_insipida,Vaio431,KC602030,NA,NA,KC602054,NA,NA,NA,NA
Oxalis_rhombeo-ovata,Vaio526,KC602031,NA,NA,NA,NA,KC602084,NA,NA
Oxalis_ciliata,Cabral124,NA,NA,NA,OR099841,NA,OR099867,NA,NA
Oxalis_cordata,Cabral125,NA,NA,NA,OR099842,NA,OR099868,NA,NA
Oxalis_goyazensis,Cabral100,OQ623643,NA,NA,OR099845,NA,OR099871,NA,NA
Oxalis_grisea,Vaio512,KC602025,NA,NA,KC602050,NA,KC602079,NA,NA
Oxalis_hirsutissima,Cordeiro987,OQ623646,NA,NA,NA,NA,OR099874,NA,NA
Oxalis_physocalyx,Cabral172,OQ623650,NA,NA,OR099852,NA,NA,NA,NA
Oxalis_physocalyx,Melo6953,OQ310888,NA,NA,OQ296009,NA,OQ296036,NA,NA
Oxalis_praetexta,Cabral159,OQ310889,NA,NA,OQ296010,NA,OQ296037,NA,NA
Oxalis_barrelieri,Vaio517,KC602027,NA,NA,KC602052,NA,KC602081,NA,NA
Oxalis_cratensis,Cabral134,NA,NA,NA,OR099843,NA,OR099869,NA,NA
Oxalis_cytisoides,Cabral139,OQ310874,NA,NA,OQ295995,NA,OQ296021,NA,NA
Oxalis_diamantinae,Richetti61,OQ623649,NA,NA,OR099851,NA,OR099876,NA,NA
Oxalis_divaricata,Felix13386,KC602028,NA,NA,KC602055,NA,KC602082,NA,NA
Oxalis_frutescens,JPC29,MH705071,NA,NA,MH705093,NA,MH705077,NA,NA
Oxalis_frutescens,Vaio426,KC602026,NA,NA,KC602051,NA,KC602080,NA,NA
Oxalis_hedysarifolia,Almeida1980,OQ623642,NA,NA,OR099840,NA,OR099866,NA,NA
Oxalis_hyalotricha_subsp_borealis,Richetti65,NA,NA,NA,OR099848,NA,OR099873,NA,NA
Oxalis_hyalotricha_subsp_borealis,Melo4854,OQ623648,NA,NA,OR099850,NA,OR099875,NA,NA
Oxalis_hyalotricha_subsp_hyalotricha,Cabral170,OQ623647,NA,NA,OR099849,NA,NA,NA,NA
Oxalis_pyrenea_var_macrochaeta,Cabral96,OQ623651,NA,NA,OR099858,NA,OR099881,NA,NA
Oxalis_sellowii,Cabral109,OQ623655,NA,NA,OR099860,NA,OR099883,NA,NA
Oxalis_suborbiculata,Cabral110,OQ623656,NA,NA,OR099861,NA,OR099884,NA,NA
Oxalis_suborbiculata,Cabral111,OQ310896,NA,NA,OQ296016,NA,OQ296044,NA,NA
Oxalis_suborbiculata,Cabral114,OR099885,NA,NA,NA,NA,OR099862,NA,NA
Oxalis_acetosella,Emshwiller114,JN603193,NA,NA,JN836783,NA,JN639537,NA,NA
Oxalis_articulata_subsp_articulata,Vaio242,KX249610,NA,NA,KX249681,NA,KX249638,NA,NA
Oxalis_articulata_subsp_rubra,Vaio226,KX249615,NA,NA,KX249679,NA,KX249640,NA,NA
Oxalis_atacamensis,Heibl01-54,JN634724,NA,NA,NA,NA,JN620121,NA,NA
Oxalis_bifrons,Fiaschi3633,KC602021,NA,NA,KC602047,NA,KC602074,NA,NA
Oxalis_bipartita,Vaio320,JN836778,NA,NA,JN836810,NA,NA,NA,NA
Oxalis_brasiliensis,Vaio337,JN836768,NA,NA,JN836812,NA,JN836766,NA,NA
Oxalis_caesia,Heibl02-12,JN634727,NA,NA,NA,NA,JN620124,NA,NA
Oxalis_cinerea,Heibl03-95,JN634728,NA,NA,NA,NA,JN620125,NA,NA
Oxalis_conorrhiza,Vaio206,NA,NA,NA,KC602042,NA,KC602068,NA,NA
Oxalis_corniculata,AGWS1,KC602004,NA,NA,KC602032,NA,KC602056,NA,NA
Oxalis_decaphylla,Gardner29,JN618522,NA,NA,JN836813,NA,JN639552,NA,NA
Oxalis_debilis,Vaio62,JN836774,NA,NA,JN836806,NA,JN836760,NA,NA
Oxalis_enneaphylla,HeiblMunoz_04-45,JN634732,NA,NA,NA,NA,JN620127,NA,NA
Oxalis_eriocarpa,Vaio31,KC602020,NA,NA,KC602046,NA,KC602073,NA,NA
Oxalis_geralensis,UnknownN,KX249625,NA,NA,NA,NA,KX249650,NA,NA
Oxalis_hepatica,Nuernberg1800,OQ623645,NA,NA,OR099847,NA,OR099872,NA,NA
Oxalis_holosericea,HeiblFiaschianzelt05-25,JN634734,NA,NA,NA,NA,JN620130,NA,NA
Oxalis_hypsophila,HeiblFiaschianzelt05-40,JN634735,NA,NA,NA,NA,JN620131,NA,NA
Oxalis_incana,HeiblFiaschianzelt05-45,JN634736,NA,NA,NA,NA,JN620132,NA,NA
Oxalis_linarantha,RA_Wasum_3369,JN618508,NA,NA,NA,NA,JN639541,NA,NA
Oxalis_loricata,UnknownN,JN634741,NA,NA,NA,NA,JN620137,NA,NA
Oxalis_nelsonii,Gardner66,JN618559,NA,NA,JN836841,NA,JN639580,NA,NA
Oxalis_pachyrrhiza,Weingend8479,JN634747,NA,NA,NA,NA,JN620144,NA,NA
Oxalis_palmifrons,MO824,FJ211166,NA,NA,NA,NA,KC329489,NA,NA
Oxalis_pampeana,Nuernberg1875,OQ623640,NA,NA,OR099838,NA,OR099865,NA,NA
Oxalis_paranaensis,VaioMVC2,KC602024,NA,NA,KC602049,NA,KC602076,NA,NA
Oxalis_pes-caprae,Emshwiller608,JN618510,NA,NA,JN836792,NA,EU437145,NA,NA
Oxalis_pseudocernua,UnknownN,EU436880,NA,NA,NA,NA,EU437045,NA,NA
Oxalis_ptychoclada,Emshwiller916,JN603197,NA,NA,JN836786,NA,EU437134,NA,NA
Oxalis_purpurea,MO300,FJ211171,NA,NA,NA,NA,KC329488,NA,NA
Oxalis_rosea,Lammers7916,JN603194,NA,NA,JN836784,NA,JN639538,NA,NA
Oxalis_sarmentosa,MVC13,KC602022,NA,NA,KC602048,NA,KC602075,NA,NA
Oxalis_sarmentosa,Nuernberg1849,OQ623654,NA,NA,OR099859,NA,OR099882,NA,NA
Oxalis_sellowiana,Vaio73,JN836780,NA,NA,JN836805,NA,JN836759,NA,NA
Oxalis_triangularis,Emshwiller456,JN618512,NA,NA,JN836793,NA,EU437141,NA,NA
Oxalis_tuberosa,Emshwiller50_02,JN603198,NA,NA,JN836787,NA,KC602077,NA,NA
Oxalis_acetosella,Walter7182,EU436870,NA,NA,NA,NA,NA,NA,NA
Oxalis_articulata,UnknownN,Z66545,NA,NA,NA,NA,NA,NA,NA
Oxalis_barrelieri,DUB809,EU436866,NA,NA,NA,NA,NA,NA,NA
Oxalis_corniculata,Oberlander0025,EU436867,NA,NA,NA,NA,NA,NA,NA
Oxalis_corniculata,Nie3660,JX445129,NA,NA,NA,NA,NA,NA,NA
Oxalis_corymbosa,DengZhangNie542,JX445130,NA,NA,NA,NA,NA,NA,NA
Oxalis_dolichopoda,Emshwiller292,U74267,NA,NA,NA,NA,NA,NA,NA
Oxalis_griffithii,DengZhangNie546,JX445131,NA,NA,NA,NA,NA,NA,NA
Oxalis_micrantha,Heibl03-092,JN634744,NA,NA,NA,NA,NA,NA,NA
Oxalis_obtriangulata,JNU140,DQ151555,NA,NA,NA,NA,NA,NA,NA
Oxalis_oregana,Olmstead2003-33,JN159893,NA,NA,NA,NA,NA,NA,NA
Oxalis_pachyrrhiza,Emshwiller387,U74275,NA,NA,NA,NA,NA,NA,NA
Oxalis_perdicaria,Botrand0002,EU436878,NA,NA,NA,NA,NA,NA,NA
Oxalis_pes-caprae,Dreyer662,EU436882,NA,NA,NA,NA,NA,NA,NA
Oxalis_stricta,Walter6518,EU436869,NA,NA,NA,NA,NA,NA,NA
Oxalis_triangularis_subsp_triangularis,MO1165,FJ410328,NA,NA,NA,NA,NA,NA,NA
Oxalis_valdiviensis,Botrand0001,EU436873,NA,NA,NA,NA,NA,NA,NA
Oxalis_vulcanicola,MO702,EU436872,NA,NA,NA,NA,NA,NA,NA
Oxalis_wulingensis,DengZhangNie544,JX445132,NA,NA,NA,NA,NA,NA,NA
Oxalis_unduavensis,Emshwiller168/291/351,U74260,NA,NA,NA,NA,NA,NA,NA
Oxalis_aff_spiralis,Emshwiller184,U74261,NA,NA,NA,NA,NA,NA,NA
Oxalis_bisfracta,Emshwiller366,U74262,NA,NA,NA,NA,NA,NA,NA
Oxalis_andina,Emshwiller315,U74263,NA,NA,NA,NA,NA,NA,NA
Oxalis_boliviana,Emshwiller310,U74264,NA,NA,NA,NA,NA,NA,NA
Oxalis_crassipes,Emshwiller463,U74265,NA,NA,NA,NA,NA,NA,NA
Oxalis_aff_distincta,Emshwiller289/321/447,U74266,NA,NA,NA,NA,NA,NA,NA
Oxalis_dolichopoda,Emshwiller292,U74267,NA,NA,NA,NA,NA,NA,NA
Oxalis_herrerae,Emshwiller459,U74269,NA,NA,NA,NA,NA,NA,NA
Oxalis_longissima,Emshwiller64/247,U74270,NA,NA,NA,NA,NA,NA,NA
Oxalis_melilotoides,Emshwiller190,U74271,NA,NA,NA,NA,NA,NA,NA
Oxalis_mollissima,Emshwiller359/x415,U74272,NA,NA,NA,NA,NA,NA,NA
Oxalis_ortgiesii,Emshwiller458,U74273,NA,NA,NA,NA,NA,NA,NA
Oxalis_oulophora,Emshwiller308,U74274,NA,NA,NA,NA,NA,NA,NA
Oxalis_pachyrrhiza,Emshwiller387,U74275,NA,NA,NA,NA,NA,NA,NA
Oxalis_peduncularis,Emshwiller418,U74276,NA,NA,NA,NA,NA,NA,NA
Oxalis_peduncularis,Emshwiller466,U74277,NA,NA,NA,NA,NA,NA,NA
Oxalis_pes-caprae,Emshwiller125,U74278,NA,NA,NA,NA,NA,NA,NA
Oxalis_regnellii,Emshwiller456,U74279,NA,NA,NA,NA,NA,NA,NA
Oxalis_sp,Emshwiller295,U74280,NA,NA,NA,NA,NA,NA,NA
Oxalis_sp,Emshwiller219,U74281,NA,NA,NA,NA,NA,NA,NA
Oxalis_spiralis,Emshwiller187,U74282,NA,NA,NA,NA,NA,NA,NA
Oxalis_spiralis,Emshwiller249/250,U74283,NA,NA,NA,NA,NA,NA,NA
Oxalis_tuberosa,Emshwiller133/136/140,U74284,NA,NA,NA,NA,NA,NA,NA
Oxalis_vulcanicola,Emshwiller124,U74285,NA,NA,NA,NA,NA,NA,NA
Oxalis_yungasensis,Emshwiller437/350,U74286,NA,NA,NA,NA,NA,NA,NA
Oxalis_aff_tuberosa,Emshwiller260,U74287,NA,NA,NA,NA,NA,NA,NA
Oxalis_aff_tuberosa,Emshwiller284,U74288,NA,NA,NA,NA,NA,NA,NA
Oxalis_latifolia,Emshwiller235,U74289,NA,NA,NA,NA,NA,NA,NA
Oxalis_martiana,Emshwiller445,U74290,NA,NA,NA,NA,NA,NA,NA
Oxalis_spiralis,Emshwiller187,NA,AF098977,NA,NA,NA,NA,NA,NA
Oxalis_oulophora,Emshwiller308,NA,AF098978,NA,NA,NA,NA,NA,NA
Oxalis_longissima,Emshwiller64,NA,AF098979,NA,NA,NA,NA,NA,NA
Oxalis_mollissima,Emshwiller359,NA,AF098980,NA,NA,NA,NA,NA,NA
Oxalis_peduncularis,Emshwiller466,NA,AF098981,NA,NA,NA,NA,NA,NA
Oxalis_flagellata,Emshwiller246,NA,AF098982,NA,NA,NA,NA,NA,NA
Oxalis_andina,Emshwiller315,NA,AF098983,NA,NA,NA,NA,NA,NA
Oxalis_ortgiesii,Emshwiller458,NA,AF098984,NA,NA,NA,NA,NA,NA
Oxalis_laxa_var_hispidissima,Emshwiller744,NA,AF470234,NA,NA,NA,NA,NA,NA
Oxalis_pachyrrhiza,Emshwiller387,NA,AF470235,NA,NA,NA,NA,NA,NA
Oxalis_megalorrhiza,Emshwiller773,NA,AF470236,NA,NA,NA,NA,NA,NA
Oxalis_spiralis,Emshwiller249,NA,AF470237,NA,NA,NA,NA,NA,NA
Oxalis_spiralis,Emshwiller184,NA,AF470238,NA,NA,NA,NA,NA,NA
Oxalis_spiralis,Emshwiller244,NA,AF470239,NA,NA,NA,NA,NA,NA
Oxalis_medicaginea,Emshwiller809,NA,AF470240,NA,NA,NA,NA,NA,NA
Oxalis_lotoides,Emshwiller789,NA,AF470241,NA,NA,NA,NA,NA,NA
Oxalis_subintegra,Emshwiller799,NA,AF470242,NA,NA,NA,NA,NA,NA
Oxalis_unduavensis,Emshwiller351,NA,AF470243,NA,NA,NA,NA,NA,NA
Oxalis_unduavensis,Emshwiller291,NA,AF470244,NA,NA,NA,NA,NA,NA
Oxalis_cf_melilotoides,Emshwiller190,NA,AF470245,NA,NA,NA,NA,NA,NA
Oxalis_sp_n_C,Emshwiller592,NA,AF470246,NA,NA,NA,NA,NA,NA
Oxalis_humbertii,Emshwiller604,NA,AF470247,NA,NA,NA,NA,NA,NA
Oxalis_lucumayensis_subsp_lucumayensis,Emshwiller485,NA,AF470248,NA,NA,NA,NA,NA,NA
Oxalis_lucumayensis_subsp_lucumayensis,Emshwiller871,NA,AF470249,NA,NA,NA,NA,NA,NA
Oxalis_lucumayensis_subsp_subiens,Emshwiller289,NA,AF470250,NA,NA,NA,NA,NA,NA
Oxalis_sp_aff_ptychoclada,Emshwiller916,NA,AF470251,NA,NA,NA,NA,NA,NA
Oxalis_sp_n_A,Emshwiller504,NA,AF470252,NA,NA,NA,NA,NA,NA
Oxalis_paucartambensis,Emshwiller548,NA,AF470253,NA,NA,NA,NA,NA,NA
Oxalis_cuzcensis,Emshwiller532,NA,AF470254,NA,NA,NA,NA,NA,NA
Oxalis_herrerae,Emshwiller913,NA,AF470255,NA,NA,NA,NA,NA,NA
Oxalis_herrerae,Emshwiller560,NA,AF470256,NA,NA,NA,NA,NA,NA
Oxalis_picchensis,Emshwiller500,NA,AF470257,NA,NA,NA,NA,NA,NA
Oxalis_herrerae,Emshwiller459/HERR1,NA,AF470258,NA,NA,NA,NA,NA,NA
Oxalis_weberbaueri,Emshwiller746,NA,AF470259,NA,NA,NA,NA,NA,NA
Oxalis_oblongiformis,Emshwiller797,NA,AF470260,NA,NA,NA,NA,NA,NA
Oxalis_sp_n_V,Emshwiller807,NA,AF470261,NA,NA,NA,NA,NA,NA
Oxalis_ptychoclada_var_trichocarpa,Emshwiller600,NA,AF470262,NA,NA,NA,NA,NA,NA
Oxalis_cf_peduncularis,Emshwiller850,NA,AF470263,NA,NA,NA,NA,NA,NA
Oxalis_tabaconasensis,Emshwiller786,NA,AF470264,NA,NA,NA,NA,NA,NA
Oxalis_peduncularis_var_pilosa,Emshwiller791,NA,AF470265,NA,NA,NA,NA,NA,NA
Oxalis_petrophila,Emshwiller933,NA,AF470266,NA,NA,NA,NA,NA,NA
Oxalis_nubigena,Emshwiller345,NA,AF470267,NA,NA,NA,NA,NA,NA
Oxalis_flagellata,Emshwiller331,NA,AF470268,NA,NA,NA,NA,NA,NA
Oxalis_tuberosa,MoralesHermannGarcia884,NA,AF470269,NA,NA,NA,NA,NA,NA
Oxalis_tuberosa,35-04,NA,AF470270,NA,NA,NA,NA,NA,NA
Oxalis_tuberosa,MoralesHermannGarcia913,NA,AF470271,NA,NA,NA,NA,NA,NA
Oxalis_tuberosa,MoralesHermannGarcia884,NA,AF470272,NA,NA,NA,NA,NA,NA
Oxalis_tuberosa,MoralesHermannGarcia884,NA,AF470273,NA,NA,NA,NA,NA,NA
Oxalis_cf_tuberosa,Emshwiller259,NA,AF470274,NA,NA,NA,NA,NA,NA
Oxalis_cf_tuberosa,Emshwiller259,NA,AF470275,NA,NA,NA,NA,NA,NA
Oxalis_tuberosa,MoralesHermannGarcia913,NA,AF470276,NA,NA,NA,NA,NA,NA
Oxalis_tuberosa,MoralesHermannGarcia884,NA,AF470277,NA,NA,NA,NA,NA,NA
Oxalis_tuberosa,MoralesHermannGarcia884,NA,AF470278,NA,NA,NA,NA,NA,NA
Oxalis_tuberosa,MoralesHermannGarcia884,NA,AF470279,NA,NA,NA,NA,NA,NA
Oxalis_tuberosa,MoralesHermannGarcia884,NA,AF470280,NA,NA,NA,NA,NA,NA
Oxalis_tuberosa,MoralesHermannGarcia884,NA,AF470281,NA,NA,NA,NA,NA,NA
Oxalis_tuberosa,35-04,NA,AF470282,NA,NA,NA,NA,NA,NA
Oxalis_tuberosa,35-04,NA,AF470283,NA,NA,NA,NA,NA,NA
Oxalis_tuberosa,35-04,NA,AF470284,NA,NA,NA,NA,NA,NA
Oxalis_tuberosa,35-04,NA,AF470285,NA,NA,NA,NA,NA,NA
Oxalis_tuberosa,MoralesHermannGarcia884,NA,AF470286,NA,NA,NA,NA,NA,NA
Oxalis_tuberosa,35-04,NA,AF470287,NA,NA,NA,NA,NA,NA
Oxalis_tuberosa,MoralesHermannGarcia913,NA,AF470288,NA,NA,NA,NA,NA,NA
Oxalis_tuberosa,MoralesHermannGarcia913,NA,AF470289,NA,NA,NA,NA,NA,NA
Oxalis_tuberosa,MoralesHermannGarcia913,NA,AF470290,NA,NA,NA,NA,NA,NA
Oxalis_tuberosa,35-04,NA,AF470291,NA,NA,NA,NA,NA,NA
Oxalis_tuberosa,35-04,NA,AF470292,NA,NA,NA,NA,NA,NA
Oxalis_tuberosa,MoralesHermannGarcia913,NA,AF470293,NA,NA,NA,NA,NA,NA
Oxalis_tuberosa,MoralesHermannGarcia913,NA,AF470294,NA,NA,NA,NA,NA,NA
Oxalis_tuberosa,35-04,NA,AF470295,NA,NA,NA,NA,NA,NA
Oxalis_tuberosa,MoralesHermannGarcia884,NA,AF470296,NA,NA,NA,NA,NA,NA
Oxalis_tuberosa,35-04,NA,AF470297,NA,NA,NA,NA,NA,NA
Oxalis_tuberosa,MoralesHermannGarcia913,NA,AF470298,NA,NA,NA,NA,NA,NA
Oxalis_tuberosa,35-04,NA,AF470299,NA,NA,NA,NA,NA,NA
Oxalis_tuberosa,MoralesHermannGarcia913,NA,AF470300,NA,NA,NA,NA,NA,NA
Oxalis_tuberosa,MoralesHermannGarcia884,NA,AF470301,NA,NA,NA,NA,NA,NA
Oxalis_tuberosa,35-04,NA,AF470302,NA,NA,NA,NA,NA,NA
Oxalis_tuberosa,35-04,NA,AF470303,NA,NA,NA,NA,NA,NA
Oxalis_tuberosa,35-04,NA,AF470304,NA,NA,NA,NA,NA,NA
Oxalis_tuberosa,35-04,NA,AF470305,NA,NA,NA,NA,NA,NA
Oxalis_tuberosa,MoralesHermannGarcia913,NA,AF470306,NA,NA,NA,NA,NA,NA
Oxalis_tuberosa,MoralesHermannGarcia884,NA,AF470307,NA,NA,NA,NA,NA,NA
Oxalis_cf_tuberosa,Emshwiller259,NA,AF470308,NA,NA,NA,NA,NA,NA
Oxalis_cf_tuberosa,Emshwiller259,NA,AF470309,NA,NA,NA,NA,NA,NA
Oxalis_cf_tuberosa,Emshwiller259,NA,AF470310,NA,NA,NA,NA,NA,NA
Oxalis_cf_tuberosa,Emshwiller259,NA,AF470311,NA,NA,NA,NA,NA,NA
Oxalis_cf_tuberosa,Emshwiller259,NA,AF470312,NA,NA,NA,NA,NA,NA
Oxalis_cf_tuberosa,Emshwiller259,NA,AF470313,NA,NA,NA,NA,NA,NA
Oxalis_staffordiana,Emshwiller512,NA,AF470314,NA,NA,NA,NA,NA,NA
Oxalis_teneriensis,Emshwiller511,NA,AF470315,NA,NA,NA,NA,NA,NA
Oxalis_polyrhiza,Emshwiller960,NA,AF470316,NA,NA,NA,NA,NA,NA
Oxalis_picchensis,Emshwiller531,NA,AF470317,NA,NA,NA,NA,NA,NA
Oxalis_adpressipila,Kuhlmann6587h,OQ310891,NA,NA,NA,NA,OQ296038,NA,NA
Oxalis_alvimii,Fiaschi4597,OQ310870,NA,NA,OQ295991,NA,OQ296017,NA,NA
Oxalis_bela-vitoriae,Fiaschi4606,OQ310871,NA,NA,OQ295992,NA,OQ296018,NA,NA
Oxalis_bifrons,Fiaschi3633,KC602021,NA,NA,KC602047,NA,KC602074,NA,NA
Oxalis_brasiliensis,Vaio337,JN836768,NA,NA,JN836812,NA,JN836766,NA,NA
Oxalis_capixaba,Costa117,OQ310893,NA,NA,OQ296013,NA,OQ296041,NA,NA
Oxalis_colatinensis,Fiaschi4631,OQ310873,NA,NA,OQ295994,NA,OQ296020,NA,NA
Oxalis_cornicarpa,Fiaschi5428,OQ310886,NA,NA,OQ296007,NA,OQ296034,NA,NA
Oxalis_cornicarpa,Fiaschi5442,OQ310887,NA,NA,OQ296008,NA,OQ296035,NA,NA
Oxalis_cytisoides,Cabral139,OQ310874,NA,NA,OQ295995,NA,OQ296021,NA,NA
Oxalis_densifolia,Cabral93,OQ310875,NA,NA,OQ295996,NA,OQ296022,NA,NA
Oxalis_erosa,Cabral138,OQ310876,NA,NA,OQ295997,NA,OQ296023,NA,NA
Oxalis_fruticosa,Fiaschi4658,OQ310877,NA,NA,OQ295998,NA,OQ296024,NA,NA
Oxalis_grisea,Melo6953,OQ310888,NA,NA,OQ296009,NA,OQ296036,NA,NA
Oxalis_impatiens,Bilk382a,OQ310878,NA,NA,OQ295999,NA,OQ296025,NA,NA
Oxalis_impatiens,Bilk382b,OQ310879,NA,NA,OQ296000,NA,OQ296026,NA,NA
Oxalis_inopinata,Fiaschi5544,OR964281,NA,NA,OR966574,NA,OR966575,NA,NA
Oxalis_itamarajuensis,Fiaschi4657,OQ310895,NA,NA,OQ296015,NA,OQ296043,NA,NA
Oxalis_kollmannii,Fiaschi4663,OQ310872,NA,NA,OQ295993,NA,OQ296019,NA,NA
Oxalis_kuhlmannii,Fiaschi4662,OQ310880,NA,NA,OQ296001,NA,OQ296027,NA,NA
Oxalis_leonii,Costa122,OQ310892,NA,NA,OQ296012,NA,OQ296040,NA,NA
Oxalis_mandioccana,Demuner2096h,OQ310881,NA,NA,NA,NA,OQ296028,NA,NA
Oxalis_mandioccana,Fiaschi4660,OQ310882,NA,NA,OQ296002,NA,OQ296029,NA,NA
Oxalis_mandioccana,Kollmann10803h,NA,NA,NA,OQ296003,NA,OQ296030,NA,NA
Oxalis_mandioccana,Kollmann12975h,OQ310883,NA,NA,OQ296004,NA,OQ296031,NA,NA
Oxalis_mandioccana,Costa114,OQ310884,NA,NA,OQ296005,NA,OQ296032,NA,NA
Oxalis_mandioccana,Richetti29,OQ310885,NA,NA,OQ296006,NA,OQ296033,NA,NA
Oxalis_occulta,Fiaschi5058,OQ310894,NA,NA,OQ296014,NA,OQ296042,NA,NA
Oxalis_sciophila,Costa118,OQ310890,NA,NA,OQ296011,NA,OQ296039,NA,NA
Oxalis_suborbiculata,Cabral111,OQ310896,NA,NA,OQ296016,NA,OQ296044,NA,NA
Oxalis_alvimii,Fiaschi4597,OQ310870,NA,NA,OQ295991,NA,OQ296017,NA,NA
Oxalis_amorimii,Fiaschi5457,PQ536092,NA,NA,PQ585589,NA,PQ585606,NA,NA
Oxalis_animarum,Fiaschi4591,NA,NA,NA,OR099855,NA,OR099879,NA,NA
Oxalis_barrelieri,Vaio517,KC602027,NA,NA,KC602052,NA,KC602081,NA,NA
Oxalis_blackii,Costa115,MH705068,NA,NA,MH705089,NA,MH705073,NA,NA
Oxalis_caesariata,Fiaschi5273,PP175926,NA,NA,PP179507,NA,PP179511,NA,NA
Oxalis_alstonii_subsp_lutzii,Melo_4829,PQ536091,NA,NA,PQ585585,NA,PQ585602,NA,NA
Oxalis_cf_polymorpha,Fiaschi4617,PQ536093,NA,NA,PQ585595,NA,NA,NA,NA
Oxalis_cf_polymorpha,Fiaschi4618,PQ536094,NA,NA,PQ585594,NA,PQ585611,NA,NA
Oxalis_cf_polymorpha,Fiaschi5415,PQ536095,NA,NA,PQ585593,NA,PQ585610,NA,NA
Oxalis_cipoensis,Costa110,PQ536096,NA,NA,PQ585587,NA,PQ585604,NA,NA
Oxalis_colatinensis,Fiaschi4625,MH705069,NA,NA,MH705090,NA,MH705074,NA,NA
Oxalis_cornicarpa,Fiaschi5428,OQ310886,NA,NA,OQ296007,NA,OQ296034,NA,NA
Oxalis_decipiens,Richetti64,PQ536097,NA,NA,PQ585588,NA,PQ585605,NA,NA
Oxalis_divaricata,Felix13386,KC602028,NA,NA,KC602055,NA,KC602082,NA,NA
Oxalis_frutescens,Vaio426,KC602026,NA,NA,KC602051,NA,KC602080,NA,NA
Oxalis_glaucescens,Felix13539,KC602029,NA,NA,KC602053,NA,KC602083,NA,NA
Oxalis_hyalotricha_subsp_borealis,Melo4854,OQ623648,NA,NA,OR099850,NA,OR099875,NA,NA
Oxalis_idimae,Richetti70,OQ623652,NA,NA,OR099854,NA,OR099878,NA,NA
Oxalis_inopinata,Fiaschi5544,OR964281,NA,NA,OR966574,NA,OR966575,NA,NA
Oxalis_itatingae,Fiaschi4472,PQ536098,NA,NA,PQ585599,NA,PQ585615,NA,NA
Oxalis_jacobinensis,Cabral226,PQ536099,NA,NA,PQ585590,NA,PQ585607,NA,NA
Oxalis_kollmannii,Fiaschi4663,OQ310872,NA,NA,OQ295993,NA,OQ296019,NA,NA
Oxalis_kollmannii,Vasques53,PQ536100,NA,NA,PQ585591,NA,PQ585608,NA,NA
Oxalis_monochasiata,Fiaschi4585,PQ536101,NA,NA,PQ585592,NA,PQ585609,NA,NA
Oxalis_neuwiedii,Almeida1336,MH705072,NA,NA,MH705094,NA,MH705078,NA,NA
Oxalis_pardoensis,Caxambu5990,OL998717,NA,NA,NA,NA,NA,NA,NA
Oxalis_physocalyx,Melo6953,OQ310888,NA,NA,OQ296009,NA,OQ296036,NA,NA
Oxalis_psoraleoides_subsp_insipida,Vaio431,KC602030,NA,NA,KC602054,NA,NA,NA,NA
Oxalis_puberula,Rhoden7,PQ536102,NA,NA,PQ585596,NA,PQ585612,NA,NA
Oxalis_rhombeo-ovata,Melo4750,PQ536103,NA,NA,PQ585597,NA,PQ585613,NA,NA
Oxalis_roselata,Rhoden16,PQ536104,NA,NA,PQ585586,NA,PQ585603,NA,NA
Oxalis_sarmentosa,Vaio13,KC602048,NA,NA,KC602048,NA,KC602075,NA,NA
Oxalis_aff_umbraticola,Rhoden19,NA,NA,NA,PQ585598,NA,PQ585614,NA,NA
Oxalis_suborbiculata,Cabral110,OQ623656,NA,NA,OR099861,NA,OR099884,NA,NA
Oxalis_umbraticola,Nery91,NA,NA,NA,PQ585601,NA,PQ585617,NA,NA
Oxalis_umbraticola,Richetti69,PQ536105,NA,NA,PQ585600,NA,PQ585616,NA,NA
Oxalis_corniculata,Emshwiller793,JN603192,NA,NA,JN836781,NA,EU437126,NA,JN836851
Oxalis_oregana,Olmstead2003-33,JN159893,NA,NA,JN836782,NA,JN639536,NA,JN836852
Oxalis_acetosella,Emshwiller114,JN603193,NA,NA,JN836783,NA,JN639537,NA,JN836853
Oxalis_rosea,Lammers7916,JN603194,NA,NA,JN836784,NA,JN639538,NA,JN836854
Oxalis_laxa_subsp_hispidissima,Emshwiller1111,JN603195,NA,NA,NA,NA,JN639539,NA,JN836855
Oxalis_megalorrhiza,Emshwiller773,JN603196,NA,NA,NA,NA,EU437139,NA,JN836856
Oxalis_ptychoclada,Emshwiller916,JN603197,NA,NA,JN836786,NA,EU437134,NA,JN836857
Oxalis_tuberosa,Emshwiller50_02,JN603198,NA,NA,JN836787,NA,JN639540,NA,NA
Oxalis_articulata_forma_crassipes,Emshwiller463,JN618506,NA,NA,JN836788,NA,EU437146,NA,JN836859
Oxalis_articulata_subsp_rubra,Emshwiller146,JN618507,NA,NA,JN836789,NA,EU437147,NA,JN836860
Oxalis_floribunda,Vaio358,JN836767,NA,NA,JN836790,NA,JN836758,NA,JN836861
Oxalis_linarantha,Wasum3369,JN618508,NA,NA,NA,NA,JN639541,NA,JN836862
Oxalis_incarnata,Emshwiller149,JN618509,NA,NA,JN836791,NA,JN639542,NA,JN836863
Oxalis_pes-caprae,Emshwiller608,JN618510,NA,NA,JN836792,NA,EU437145,NA,NA
Oxalis_adenophylla,GardnerADEPH1,JN618511,NA,NA,JN836802,NA,JN639550,NA,JN836872
Oxalis_triangularis_subsp_papilionacea,Emshwiller456,JN618512,NA,NA,JN836793,NA,EU437141,NA,JN836864
Oxalis_alpina,Gardner45,JN618513,NA,NA,JN836794,NA,JN639543,NA,JN836865
Oxalis_alpina,Weller956,JN618515,NA,NA,JN836796,NA,JN639545,NA,JN836867
Oxalis_alpina,Weller976,JN618514,NA,NA,JN836795,NA,JN639544,NA,JN836866
Oxalis_cf_alpina,Weller979,JN618565,NA,NA,JN836846,NA,JN639584,NA,JN836913
Oxalis_argentina,Emshwiller235,JN618516,NA,NA,JN836797,NA,EU437143,NA,NA
Oxalis_bipartita_subsp_bipartita,Vaio59,JN836777,NA,NA,NA,NA,JN836764,NA,NA
Oxalis_bipartita_subsp_bipartita,Vaio320,JN836778,NA,NA,JN836810,NA,NA,NA,JN836880
Oxalis_brasiliensis,EmshwillerBRAS2,JN618520,NA,NA,JN836798,NA,JN639546,NA,JN836868
Oxalis_brasiliensis,Vaio337,JN836768,NA,NA,JN836812,NA,JN836766,NA,MV337
Oxalis_brasiliensis,Vaio55,JN836769,NA,NA,NA,NA,NA,NA,NA
Oxalis_brasiliensis,Vaio70,JN836770,NA,NA,NA,NA,NA,NA,NA
Oxalis_caerulea,Gardner39,JN618517,NA,NA,JN836800,NA,JN639548,NA,JN836870
Oxalis_caerulea,Gardner47,JN618518,NA,NA,JN836801,NA,JN639549,NA,JN836871
Oxalis_cardenasiana,Wood22331,JN618519,NA,NA,JN836799,NA,JN639547,NA,JN836869
Oxalis_debilis_var_debilis,Emshwiller171,JN618521,NA,NA,JN836803,NA,EU437144,NA,JN836873
Oxalis_debilis_var_debilis,Emshwiller445,NA,NA,NA,JN836804,NA,JN639551,NA,JN836874
Oxalis_debilis_var_corymbosa,Vaio62,JN836774,NA,NA,JN836806,NA,JN836760,NA,JN836876
Oxalis_decaphylla,Gardner29,JN618522,NA,NA,JN836813,NA,JN639552,NA,JN836882
Oxalis_decaphylla,Rodriguez2610,JN618524,NA,NA,JN836820,NA,JN639559,NA,JN836889
Oxalis_discolor,Gardner35,JN618525,NA,NA,JN836821,NA,JN639560,NA,JN836890
Oxalis_divergens,Gardner58,JN618527,NA,NA,JN836822,NA,JN639561,NA,JN836891
Oxalis_divergens,Gardner62,JN618526,NA,NA,JN836814,NA,JN639553,NA,JN836883
Oxalis_drummondii,Weller965,JN618528,NA,NA,JN836823,NA,JN639562,NA,JN836892
Oxalis_eriolepis,Emshwiller155,JN618530,NA,NA,JN836824,NA,JN639563,NA,JN836893
Oxalis_eriolepis,Emshwiller559,JN618529,NA,NA,JN836815,NA,JN639554,NA,JN836884
Oxalis_galeottii,Gardner60,JN618531,NA,NA,JN836827,NA,JN639566,NA,JN836895
Oxalis_gregaria,Roe1597,JN618532,NA,NA,JN836826,NA,JN639565,NA,NA
Oxalis_hernandesii,Gardner26,JN618533,NA,NA,JN836828,NA,JN639567,NA,JN836896
Oxalis_hernandesii,Gardner56,JN618534,NA,NA,JN836825,NA,JN639564,NA,JN836894
Oxalis_hispidula,Vaio342,JN836775,NA,NA,NA,NA,NA,NA,JN836881
Oxalis_hispidula,Vaio44,JN836776,NA,NA,JN836811,NA,JN836765,NA,NA
Oxalis_jacquiniana,Gardner43,JN618535,NA,NA,JN836830,NA,JN639569,NA,JN836898
Oxalis_jacquiniana,Gardner59,JN618536,NA,NA,JN836829,NA,JN639568,NA,JN836897
Oxalis_lasiandra,Gardner69,JN618537,NA,NA,JN836831,NA,JN639570,NA,JN836899
Oxalis_latifolia,Gardner38,JN618539,NA,NA,JN836834,NA,JN639573,NA,JN836902
Oxalis_latifolia,Gardner70,JN618538,NA,NA,JN836832,NA,JN639571,NA,JN836900
Oxalis_latifolia,Emshwiller439,JN618540,NA,NA,JN836835,NA,JN639574,NA,JN836903
Oxalis_latifolia,Emshwiller508,JN618545,NA,NA,JN836836,NA,JN639575,NA,JN836904
Oxalis_latifolia,Emshwiller756,JN618548,NA,NA,JN836837,NA,JN639576,NA,JN836905
Oxalis_latifolia,VaioC12,JN836771,NA,NA,NA,NA,NA,NA,NA
Oxalis_latifolia,GonsiskaN,JN618552,NA,NA,JN836817,NA,JN639556,NA,JN836886
Oxalis_macrocarpa,Gardner49,JN618556,NA,NA,JN836819,NA,JN639558,NA,JN836888
Oxalis_macrocarpa,Gardner53,JN618555,NA,NA,JN836838,NA,JN639577,NA,JN836906
Oxalis_magnifica,Gardner68,JN618557,NA,NA,JN836839,NA,JN639578,NA,JN836907
Oxalis_morelosii,Perez4856,JN618558,NA,NA,JN836840,NA,JN639579,NA,JN836908
Oxalis_nelsonii,Gardner66,JN618559,NA,NA,JN836841,NA,JN639580,NA,JN836909
Oxalis_oreocharis,Emshwiller583,JN618561,NA,NA,JN836843,NA,EU437142,NA,JN836911
Oxalis_oreocharis,Emshwiller795,JN618560,NA,NA,JN836842,NA,JN639581,NA,JN836910
Oxalis_perdicaria,Vaio348,NA,NA,NA,JN836807,NA,JN836761,NA,JN836877
Oxalis_perdicaria,Vaio79,JN836772,NA,NA,JN836808,NA,JN836762,NA,JN836878
Oxalis_pinguiculacea,Wood22147,JN618562,NA,NA,JN836818,NA,JN639557,NA,JN836887
Oxalis_primavera,Gardner48,JN618564,NA,NA,JN836845,NA,JN639583,NA,NA
Oxalis_primavera,Gardner50,JN618563,NA,NA,JN836844,NA,JN639582,NA,JN836912
Oxalis_sellowiana_forma_alba,Vaio282,JN836779,NA,NA,JN836809,NA,JN836763,NA,JN836879
Oxalis_sellowiana,Vaio73,JN836780,NA,NA,JN836805,NA,JN836759,NA,JN836875
Oxalis_tetraphylla,EmshwillerDEPP,JN618566,NA,NA,JN836847,NA,JN639585,NA,JN836914
Oxalis_tetraphylla,EmshwillerTETRA2,JN618567,NA,NA,JN836848,NA,JN639586,NA,JN836915
Oxalis_trollii,Wood22158,JN618569,NA,NA,JN836849,NA,JN639587,NA,JN836916
Oxalis_trollii,Emshwiller281,JN618568,NA,NA,JN836816,NA,JN639555,NA,JN836885
Oxalis_violacea,GardnerAGVIO1,JN618570,NA,NA,JN836850,NA,JN639588,NA,JN836917
Oxalis_acetosella,HeiblBotGardenMunich01,JN634720,NA,JN592057,NA,JN587320,JN620117,JN627218,JN620084
Oxalis_adenophylla,HeiblPfanzelt05-024,JN634721,NA,JN592058,NA,JN587321,JN620118,NA,JN620085
Oxalis_arbuscula,HeiblPfanzelt05-050,JN634722,NA,JN592059,NA,JN587322,JN620119,NA,JN620086
Oxalis_arenaria,Heibl03-094,JN634723,NA,JN592060,NA,JN587330,JN620120,JN627219,JN620087
Oxalis_atacamensis,Heibl01-054,JN634724,NA,JN592061,NA,JN587323,JN620121,NA,JN620088
Oxalis_aureoflava,Zollitsch61,NA,NA,JN592062,NA,NA,JN620122,NA,NA
Oxalis_aureoflava,Munoz4871,JN634725,NA,NA,NA,NA,NA,JN627220,NA
Oxalis_bulbocastanum,Heibl01-071,JN634726,NA,JN592063,NA,JN587324,JN620123,NA,JN620089
Oxalis_caesia,Heibl02-012,JN634727,NA,JN602084,NA,JN587325,JN620124,JN627221,JN620090
Oxalis_cinerea,Heibl03-095,JN634728,NA,JN602085,NA,NA,JN620125,NA,JN620091
Oxalis_compacta,Teillier5013,JN634729,NA,JN602086,NA,NA,NA,NA,NA
Oxalis_corniculata,Gravendeel723,JN634730,NA,JN602087,NA,JN587331,JN620126,NA,NA
Oxalis_dumetorum,Mihoc7330,JN634731,NA,JN602088,NA,NA,NA,JN627222,NA
Oxalis_enneaphylla,HeiblMunozToro04-046,NA,NA,NA,NA,JN587326,NA,NA,NA
Oxalis_enneaphylla,HeiblMunozToro04-045,JN634732,NA,JN602089,NA,NA,JN620127,JN627223,JN620092
Oxalis_erythrorhiza,Teillier4547,NA,NA,JN602090,NA,NA,NA,NA,NA
Oxalis_fontana,GravendeelKoops302,NA,NA,JN602091,NA,NA,NA,NA,NA
Oxalis_gigantea,Ehrhart_6-244,NA,NA,NA,NA,NA,JN620128,NA,NA
Oxalis_gigantea,HeiblMunozToro04-010,JN634733,NA,NA,NA,NA,NA,JN627224,JN620093
Oxalis_gigantea,HeiblMunozToro04-013,NA,NA,JN602092,NA,NA,NA,NA,NA
Oxalis_gyrorhiza,Heibl02-035,NA,NA,JN602093,NA,NA,JN620129,JN627225,NA
Oxalis_holosericea,HeiblPfanzelt05-025,JN634734,NA,JN607481,NA,JN587327,JN620130,JN627226,JN620094
Oxalis_hypsophila,HeiblPfanzelt05-039,JN634735,NA,NA,NA,JN587328,NA,NA,NA
Oxalis_hypsophila,HeiblPfanzelt05-040,NA,NA,JN607482,NA,NA,JN620131,NA,NA
Oxalis_incana,HeiblPfanzelt05-045,JN634736,NA,JN607483,NA,JN587329,JN620132,JN627227,JN620095
Oxalis_johnstonii,Heibl01-080,NA,NA,JN607484,NA,NA,JN620133,NA,JN620096
Oxalis_laciniata,HeiblMunozToro04-053,NA,NA,NA,NA,JN587310,NA,NA,NA
Oxalis_laciniata,HeiblMunozToro04-047,JN634737,NA,NA,NA,NA,JN620134,JN627228,JN620097
Oxalis_laciniata,HeiblMunozToro04-044,NA,NA,JN607485,NA,NA,NA,NA,NA
Oxalis_laxa_var_laxa,Heibl03-091,JN634738,NA,JN607486,NA,JN587332,JN620135,JN627229,JN620098
Oxalis_laxa_var_hispidissima,Heibl02-027,JN634739,NA,NA,NA,JN587333,JN620136,JN627230,JN620099
Oxalis_lomana,Heibl04-055,JN634740,NA,NA,NA,JN587311,NA,NA,JN620100
Oxalis_loricata,HeiblPfanzelt05-006,JN634741,NA,JN607487,NA,JN587312,JN620137,NA,NA
Oxalis_magellanica,HeiblBotGardenMunich02,JN634742,NA,JN607488,NA,JN587313,JN620138,JN627231,JN620101
Oxalis_matancillae,HeiblMunozToro04-023,NA,NA,NA,NA,JN587334,NA,NA,NA
Oxalis_megalorrhiza,Heibl03-086,NA,NA,JN607489,NA,JN587314,NA,NA,NA
Oxalis_megalorrhiza,KrausK-139,JN634743,NA,NA,NA,NA,JN620139,JN627232,JN620102
Oxalis_micrantha,Heibl03-092,JN634744,NA,JN607490,NA,NA,JN620140,JN627233,NA
Oxalis_morenoensis,Heibl03-064,NA,NA,NA,NA,JN587335,NA,NA,JN620103
Oxalis_morenoensis,Heibl01-009,JN634745,NA,JN607491,NA,NA,JN620141,NA,NA
Oxalis_nahuelhuapiensis,Pfanzelt227,NA,NA,JN607492,NA,NA,NA,JN627234,NA
Oxalis_novemfoliolata,Heibl01-078,NA,NA,JN607493,NA,NA,JN620142,NA,NA
Oxalis_ornithopus,HeiblMunozToro04-015,NA,NA,JN607494,NA,NA,NA,JN627235,JN620104
Oxalis_ornithopus,Heibl01-018,NA,NA,NA,NA,JN587315,JN620143,NA,NA
Oxalis_pachyrrhiza,Weigend8479,JN634747,NA,JN607495,NA,JN587316,JN620144,NA,JN620105
Oxalis_paposana,Heibl01-047,NA,NA,NA,NA,JN587317,NA,JN627236,NA
Oxalis_paposana,Heibl03-062,JN634748,NA,JN607496,NA,NA,JN620145,NA,JN620106
Oxalis_penicillata,HeiblPfanzelt05-032,JN634749,NA,NA,NA,JN587336,NA,JN627237,JN620107
Oxalis_penicillata,HeiblPfanzelt05-033,NA,NA,JN607497,NA,NA,JN620146,NA,NA
Oxalis_perdicaria,HeiblBotGardenMunich03,JN634750,NA,NA,NA,JN587337,JN620147,NA,JN620108
Oxalis_pycnophylla,Heibl01-005,NA,NA,JN607498,NA,JN587318,JN620148,NA,NA
Oxalis_ricardii,Heibl01-072,NA,NA,NA,NA,JN587319,NA,NA,JN620109
Oxalis_rigida,Heibl03-096,NA,NA,JN607499,NA,NA,JN620149,NA,NA
Oxalis_rosea,Heibl02-034,NA,NA,JN607500,NA,JN587338,JN620150,NA,NA
Oxalis_rosea,Heibl03-014,JN634751,NA,NA,NA,NA,NA,JN627238,NA
Oxalis_squamata,MunichBotGardencultJGrau,NA,NA,JN607501,NA,NA,JN620151,NA,NA
Oxalis_squamata,HeiblPfanzelt05-027,JN634752,NA,NA,NA,JN587339,NA,NA,JN620110
Oxalis_squarrosa,Arancio14804,NA,NA,JN607502,NA,JN587340,NA,NA,NA
Oxalis_squarrosa,Munoz4534,JN634753,NA,NA,NA,NA,NA,JN627239,NA
Oxalis_tortuosa,KrausK-94,JN634754,NA,JN607503,NA,JN587341,NA,JN627240,JN620111
Oxalis_valdiviensis,HeiblPfanzelt05-016,JN634755,NA,NA,NA,JN587342,JN620152,NA,JN620112
Oxalis_valdiviensis,Grau3052,NA,NA,JN607504,NA,NA,NA,NA,NA
Oxalis_virgosa,Ehrhart6-134,NA,NA,NA,NA,JN587343,JN620153,NA,NA
Oxalis_virgosa,HeiblMunozToro04-042,JN634756,NA,NA,NA,NA,NA,NA,JN620113
Oxalis_virgosa,Heibl03-031,NA,NA,JN607505,NA,NA,NA,NA,NA
Oxalis_chachahuensis,MartinezCarretero1570,MH220862,NA,MH998371,NA,NA,NA,NA,NA
Oxalis_cinerea,Heibl03-095,JN634728,NA,JN602085,NA,NA,NA,NA,NA
Oxalis_compacta,Zuloaga12313,MH220864,NA,NA,NA,NA,NA,NA,NA
Oxalis_compacta,Teillier5013,JN634729,NA,JN602086,NA,NA,NA,NA,NA
Oxalis_erythrorhiza,Zuloaga12781,MH220857,NA,MH998365,NA,NA,NA,NA,NA
Oxalis_famatinae,Zuloaga11970,MH220858,NA,MH998374,NA,NA,NA,NA,NA
Oxalis_fontana,GravendeelKoops302,NA,NA,JN602091,NA,NA,NA,NA,NA
Oxalis_hypsophila,HeiblPfanzelt05-039,JN634735,NA,NA,NA,NA,NA,NA,NA
Oxalis_laxa,Zuloaga12555,MH220854,NA,NA,NA,NA,NA,NA,NA
Oxalis_laxa,Zuloaga12428,MH220866,NA,MH998367,NA,NA,NA,NA,NA
Oxalis_laxa,Heibl03-091,JN634738,NA,JN607486,NA,NA,NA,NA,NA
Oxalis_muscoides,Zuloaga12256,MH220856,NA,MH998369,NA,NA,NA,NA,NA
Oxalis_nahuelhuapiensis,Biganzoli2126,MH220863,NA,MH998372,NA,NA,NA,NA,NA
Oxalis_penicillata,HeiblPfanzelt05-032,JN634749,NA,NA,NA,NA,NA,NA,NA
Oxalis_pycnophylla,Zuloaga11747,MH220861,NA,MH998370,NA,NA,NA,NA,NA
Oxalis_spiralis,Zuloaga11469,MH220859,NA,NA,NA,NA,NA,NA,NA
Oxalis_spiralis,Zuloaga11633,MH220860,NA,NA,NA,NA,NA,NA,NA
Oxalis_squamata,Zuloaga12520,MH220855,NA,MH998368,NA,NA,NA,NA,NA
Oxalis_squamata,HeiblPfanzelt05-027,JN634752,NA,NA,NA,NA,NA,NA,NA
Oxalis_squarrosa,Munoz_4534,JN634753,NA,NA,NA,NA,NA,NA,NA
Oxalis_subacaulis,Salomon245,MH220865,NA,MH998373,NA,NA,NA,NA,NA
Oxalis_valdiviensis,ZavalaGallo81,MH220853,NA,MH998366,NA,NA,NA,NA,NA
Oxalis_valdiviensis,ZavalaGallo128,MH220852,NA,NA,NA,NA,NA,NA,NA
Oxalis_valdiviensis,HeiblPfanzelt05-016,JN634755,NA,NA,NA,NA,NA,NA,NA
Oxalis_virgosa,Heibl03-031,JN634756,NA,JN607505,NA,NA,NA,NA,NA
Oxalis_urbaniana,Oberlander32,NA,NA,NA,NA,NA,AJ582362,NA,NA
Oxalis_adspersa,Dreyer635,NA,NA,NA,NA,NA,AJ582290,NA,NA
Oxalis_argillacea,Dreyer786,NA,NA,NA,NA,NA,AJ582294,NA,NA
Oxalis_argyrophylla,Oberlander40,NA,NA,NA,NA,NA,AJ582295,NA,NA
Oxalis_aridicola,Dreyer672,NA,NA,NA,NA,NA,AJ582296,NA,NA
Oxalis_bifida,Dreyer608,NA,NA,NA,NA,NA,AJ582297,NA,NA
Oxalis_blastorrhiza,Dreyer788,NA,NA,NA,NA,NA,AJ582298,NA,NA
Oxalis_burkei,Dreyer618,NA,NA,NA,NA,NA,AJ582299,NA,NA
Oxalis_burtoniae,Oberlander31,NA,NA,NA,NA,NA,AJ582300,NA,NA
Oxalis_campicola,Dreyer780,NA,NA,NA,NA,NA,AJ582301,NA,NA
Oxalis_campylorrhiza,Dreyer696,NA,NA,NA,NA,NA,AJ582302,NA,NA
Oxalis_capillacea,Dreyer627,NA,NA,NA,NA,NA,AJ582303,NA,NA
Oxalis_capillacea,Dreyer625,NA,NA,NA,NA,NA,AJ582304,NA,NA
Oxalis_caprina,Oberlander1,NA,NA,NA,NA,NA,AJ582305,NA,NA
Oxalis_cf_helicoides,Dreyer688,NA,NA,NA,NA,NA,AJ582306,NA,NA
Oxalis_ciliaris,Dreyer613,NA,NA,NA,NA,NA,AJ582307,NA,NA
Oxalis_commutata,Dreyer606,NA,NA,NA,NA,NA,AJ582308,NA,NA
Oxalis_comptonii,Dreyer802,NA,NA,NA,NA,NA,AJ582309,NA,NA
Oxalis_corniculata,Oberlander25,NA,NA,NA,NA,NA,AJ582310,NA,NA
Oxalis_crocea,Dreyer693,NA,NA,NA,NA,NA,AJ582311,NA,NA
Oxalis_dentata,DreyerOberlander8,NA,NA,NA,NA,NA,AJ582312,NA,NA
Oxalis_dregei,Oberlander19,NA,NA,NA,NA,NA,AJ582313,NA,NA
Oxalis_ebracteata,Dreyer644,NA,NA,NA,NA,NA,AJ582314,NA,NA
Oxalis_eckloniana,Dreyer628,NA,NA,NA,NA,NA,AJ582315,NA,NA
Oxalis_engleriana,Oberlander10,NA,NA,NA,NA,NA,AJ582316,NA,NA
Oxalis_exserta,Dreyer686,NA,NA,NA,NA,NA,AJ582317,NA,NA
Oxalis_flava,Dreyer614,NA,NA,NA,NA,NA,AJ582318,NA,NA
Oxalis_flaviuscula,Dreyer701,NA,NA,NA,NA,NA,AJ582319,NA,NA
Oxalis_furcillata,Oberlander22,NA,NA,NA,NA,NA,AJ582320,NA,NA
Oxalis_giftbergensis,Dreyer798,NA,NA,NA,NA,NA,AJ582321,NA,NA
Oxalis_glabra,DreyerOberlander13,NA,NA,NA,NA,NA,AJ582322,NA,NA
Oxalis_grammophylla,Dreyer670,NA,NA,NA,NA,NA,AJ582323,NA,NA
Oxalis_hirta,Dreyer646,NA,NA,NA,NA,NA,AJ582324,NA,NA
Oxalis_knuthiana,Dreyer721,NA,NA,NA,NA,NA,AJ582325,NA,NA
Oxalis_latifolia,Oberlander23,NA,NA,NA,NA,NA,AJ582326,NA,NA
Oxalis_leptogramma,Dreyer617,NA,NA,NA,NA,NA,AJ582327,NA,NA
Oxalis_lichenoides,Dreyer785,NA,NA,NA,NA,NA,AJ582328,NA,NA
Oxalis_linearis,Dreyer679,NA,NA,NA,NA,NA,AJ582329,NA,NA
Oxalis_louisae,Dreyer708,NA,NA,NA,NA,NA,AJ582330,NA,NA
Oxalis_luteola,Oberlander26,NA,NA,NA,NA,NA,AJ582331,NA,NA
Oxalis_melanosticta,Dreyer622,NA,NA,NA,NA,NA,AJ582332,NA,NA
Oxalis_minuta_var_callosa,KumwendaDreyer1,NA,NA,NA,NA,NA,AJ582333,NA,NA
Oxalis_minuta_var_minuta,Dreyer727,NA,NA,NA,NA,NA,AJ582334,NA,NA
Oxalis_monophylla,DreyerOberlander9,NA,NA,NA,NA,NA,AJ582335,NA,NA
Oxalis_namaquana,Dreyer713,NA,NA,NA,NA,NA,AJ582336,NA,NA
Oxalis_nidulans,Dreyer752,NA,NA,NA,NA,NA,AJ582337,NA,NA
Oxalis_obtusa,Dreyer691,NA,NA,NA,NA,NA,AJ582338,NA,NA
Oxalis_oculifera,Dreyer799,NA,NA,NA,NA,NA,AJ582339,NA,NA
Oxalis_oligophylla,Dreyer797,NA,NA,NA,NA,NA,AJ582340,NA,NA
Oxalis_oreophila,Dreyer666,NA,NA,NA,NA,NA,AJ582341,NA,NA
Oxalis_pallens,Dreyer654,NA,NA,NA,NA,NA,AJ582342,NA,NA
Oxalis_pes-caprae,Dreyer662,NA,NA,NA,NA,NA,AJ582343,NA,NA
Oxalis_pocockiae,Dreyer626,NA,NA,NA,NA,NA,AJ582344,NA,NA
Oxalis_polyphylla,DreyerOberlander10,NA,NA,NA,NA,NA,AJ582345,NA,NA
Oxalis_primuloides,Dreyer711,NA,NA,NA,NA,NA,AJ582346,NA,NA
Oxalis_pulchella,Dreyer612,NA,NA,NA,NA,NA,AJ582347,NA,NA
Oxalis_punctata,DreyerOberlander11,NA,NA,NA,NA,NA,AJ582367,NA,NA
Oxalis_purpurascens,Dreyer634,NA,NA,NA,NA,NA,AJ582348,NA,NA
Oxalis_purpurea,Oberlander24,NA,NA,NA,NA,NA,AJ582349,NA,NA
Oxalis_pusilla,Dreyer746,NA,NA,NA,NA,NA,AJ582350,NA,NA
Oxalis_reclinata,Dreyer718,NA,NA,NA,NA,NA,AJ582351,NA,NA
Oxalis_salteri,Dreyer784,NA,NA,NA,NA,NA,AJ582352,NA,NA
Oxalis_stenopetala,Dreyer675,NA,NA,NA,NA,NA,AJ582353,NA,NA
Oxalis_stenopetala,DreyerN,NA,NA,NA,NA,NA,AJ582354,NA,NA
Oxalis_stictocheila,Dreyer749,NA,NA,NA,NA,NA,AJ582355,NA,NA
Oxalis_tenella,Dreyer639,NA,NA,NA,NA,NA,AJ582356,NA,NA
Oxalis_tenuifolia,Oberlander27,NA,NA,NA,NA,NA,AJ582357,NA,NA
Oxalis_tenuipes,Dreyer800,NA,NA,NA,NA,NA,AJ582358,NA,NA
Oxalis_tenuis,Dreyer793,NA,NA,NA,NA,NA,AJ582359,NA,NA
Oxalis_tomentosa,DreyerOberlander12,NA,NA,NA,NA,NA,AJ582360,NA,NA
Oxalis_truncatula,Dreyer605,NA,NA,NA,NA,NA,AJ582361,NA,NA
Oxalis_versicolor,Oberlander34,NA,NA,NA,NA,NA,AJ582363,NA,NA
Oxalis_viscosa,Dreyer642,NA,NA,NA,NA,NA,AJ582364,NA,NA
Oxalis_xantha,Dreyer671,NA,NA,NA,NA,NA,AJ582365,NA,NA
Oxalis_acetosella,Walter7182,EU436870,NA,NA,NA,NA,EU437036,NA,NA
Oxalis_articulata_forma_crassipes,Emshwiller146,NA,NA,NA,NA,NA,EU437146,NA,NA
Oxalis_articulata,UnknownN,Z66545,NA,NA,NA,NA,NA,NA,NA
Oxalis_barrelieri,DBellstedt809,EU436866,NA,NA,NA,NA,EU437033,NA,NA
Oxalis_brasiliensis,Holmes0008,EU436879,NA,NA,NA,NA,EU437044,NA,NA
Oxalis_cf_megalorrhiza,Dreyer809,EU436871,NA,NA,NA,NA,EU437037,NA,NA
Oxalis_corniculata,Emshwiller793,NA,NA,NA,NA,NA,EU437126,NA,NA
Oxalis_corniculata,Oberlander0025,EU436867,NA,NA,NA,NA,NA,NA,NA
Oxalis_debilis_var_debilis,Emshwiller171,NA,NA,NA,NA,NA,EU437144,NA,NA
Oxalis_debilis_var_corymbosa,Emshwiller445,U74290,NA,NA,NA,NA,NA,NA,NA
Oxalis_dillenii,Walter6565,EU436868,NA,NA,NA,NA,NA,NA,NA
Oxalis_dillenii,Emshwiller1160,NA,NA,NA,NA,NA,AJ582310,NA,NA
Oxalis_hypsophila,Dreyer805,EU436874,NA,NA,NA,NA,EU437040,NA,NA
Oxalis_latifolia,Oberlander0023,EU436875,NA,NA,NA,NA,AJ582326,NA,NA
Oxalis_micrantha,Emshwiller744,AF470234,NA,NA,NA,NA,EU437140,NA,NA
Oxalis_pachyrrhiza,Emshwiller387,U74275,NA,NA,NA,NA,EU437138,NA,NA
Oxalis_perdicaria,Botrand0002,EU436878,NA,NA,NA,NA,EU437043,NA,NA
Oxalis_spiralis,Emshwiller590,NA,NA,NA,NA,NA,EU437130,NA,NA
Oxalis_spiralis,Emshwiller187,AF098977,NA,NA,NA,NA,NA,NA,NA
Oxalis_stricta,Walter6518,EU436869,NA,NA,NA,NA,EU437035,NA,NA
Oxalis_tetraphylla,Holmes0009,EU436877,NA,NA,NA,NA,EU437042,NA,NA
Oxalis_triangularis_subsp_papilionacea,Emshwiller456,NA,NA,NA,NA,NA,EU437141,NA,NA
Oxalis_triangularis_subsp_triangularis,MO1165,FJ410328,NA,NA,NA,NA,NA,NA,NA
Oxalis_valdiviensis,Botrand0001,EU436873,NA,NA,NA,NA,EU437039,NA,NA
Oxalis_virgata,Emshwiller292,U74267,NA,NA,NA,NA,EU437131,NA,NA
Oxalis_vulcanicola,MO702,EU436872,NA,NA,NA,NA,EU437038,NA,NA
Oxalis_adspersa,Dreyer635,EU436936,NA,NA,NA,NA,AJ582290,NA,NA
Oxalis_aridicola,Dreyer672,EU436977,NA,NA,NA,NA,AJ582296,NA,NA
Oxalis_campylorrhiza,Dreyer696,EU436947,NA,NA,NA,NA,AJ582302,NA,NA
Oxalis_caprina,DreyerOberlander0001,EU436892,NA,NA,NA,NA,AJ582305,NA,NA
Oxalis_commutata,Dreyer606,EU436898,NA,NA,NA,NA,AJ582308,NA,NA
Oxalis_dentata,Cilliers0004,EU436888,NA,NA,NA,NA,AJ582312,NA,NA
Oxalis_dregei,Mucina210903/11,EU436930,NA,NA,NA,NA,AJ582313,NA,NA
Oxalis_ebracteata,Dreyer644,EU436990,NA,NA,NA,NA,AJ582314,NA,NA
Oxalis_eckloniana,Dreyer628,EU437025,NA,NA,NA,NA,AJ582315,NA,NA
Oxalis_engleriana,Oberlander0010,EU436961,NA,NA,NA,NA,AJ582316,NA,NA
Oxalis_grammophylla,Dreyer670,EU437016,NA,NA,NA,NA,AJ582323,NA,NA
Oxalis_hirta,Dreyer646,EU436971,NA,NA,NA,NA,AJ582324,NA,NA
Oxalis_lichenoides,Dreyer785,EU436919,NA,NA,NA,NA,AJ582328,NA,NA
Oxalis_linearis,Dreyer679,EU436972,NA,NA,NA,NA,AJ582329,NA,NA
Oxalis_monophylla,DreyerOberlander0003,EU436927,NA,NA,NA,NA,AJ582335,NA,NA
Oxalis_obtusa,Dreyer691,EU436922,NA,NA,NA,NA,AJ582338,NA,NA
Oxalis_oculifera,Dreyer799,EU436953,NA,NA,NA,NA,AJ582339,NA,NA
Oxalis_oligophylla,Dreyer797,EU437023,NA,NA,NA,NA,AJ582340,NA,NA
Oxalis_oreophila,Dreyer666,EU436975,NA,NA,NA,NA,AJ582341,NA,NA
Oxalis_pes-caprae,Dreyer662,EU436882,NA,NA,NA,NA,AJ582343,NA,NA
Oxalis_pulchella,Dreyer612,EU436907,NA,NA,NA,NA,AJ582347,NA,NA
Oxalis_purpurea,Oberlander0024,EU436902,NA,NA,NA,NA,AJ582349,NA,NA
Oxalis_reclinata,Dreyer688,FJ410329,NA,NA,NA,NA,FJ410330,NA,NA
Oxalis_salteri,Dreyer784,EU436932,NA,NA,NA,NA,AJ582352,NA,NA
Oxalis_stenopetala,Dreyer675,EU436983,NA,NA,NA,NA,AJ582353,NA,NA
Oxalis_tenella,Dreyer639,EU436978,NA,NA,NA,NA,AJ582356,NA,NA
Oxalis_urbaniana,Bytebier_2015,EU436999,NA,NA,NA,NA,AJ582362,NA,NA
Oxalis_versicolor,Oberlander0034,EU437006,NA,NA,NA,NA,AJ582363,NA,NA
Oxalis_viscosa,Dreyer642,EU436949,NA,NA,NA,NA,AJ582364,NA,NA
Oxalis_xantha,Dreyer671,EU436980,NA,NA,NA,NA,AJ582365,NA,NA
Oxalis_sp,Mannheimer2591,EU436885,NA,NA,NA,NA,EU437047,EU437174,NA
Oxalis_cf_canaliculata,BayerN,EU436946,NA,NA,NA,NA,EU437088,EU437232,NA
Oxalis_acetosella,Walter7182,EU436870,NA,NA,NA,NA,EU437036,EU437159,NA
Oxalis_adenodes,Dreyer716,EU436903,NA,NA,NA,NA,EU437060,EU437191,NA
Oxalis_adspersa,Dreyer635,EU436936,NA,NA,NA,NA,AJ582290,EU437223,NA
Oxalis_ambigua,Oberlander0140,EU436905,NA,NA,NA,NA,EU437061,EU437193,NA
Oxalis_amblyodonta,Bayer7397,EU437007,NA,NA,NA,NA,EU437116,EU437293,NA
Oxalis_amblyosepala,Oberlander0168,EU436982,NA,NA,NA,NA,EU437105,EU437268,NA
Oxalis_annae,Mucina170903/3,EU436920,NA,NA,NA,NA,EU437072,EU437208,NA
Oxalis_argillacea,Dreyer786,EU436940,NA,NA,NA,NA,AJ582294,EU437227,NA
Oxalis_argyrophylla,Oberlander0040,EU437005,NA,NA,NA,NA,AJ582295,EU437291,NA
Oxalis_aridicola,Dreyer672,EU436977,NA,NA,NA,NA,AJ582296,EU437263,NA
Oxalis_attaquana,Bayer7007,EU436918,NA,NA,NA,NA,EU437071,EU437206,NA
Oxalis_aurea,Dreyer771,EU436935,NA,NA,NA,NA,EU437080,EU437222,NA
Oxalis_barrelieri,Bellstedt809,EU436866,NA,NA,NA,NA,EU437033,EU437155,NA
Oxalis_bifida,Dreyer608,EU437017,NA,NA,NA,NA,AJ582297,EU437303,NA
Oxalis_bifurca,Bellstedt764,EU436965,NA,NA,NA,NA,EU437100,EU437251,NA
Oxalis_blastorrhiza,Dreyer788,EU436974,NA,NA,NA,NA,AJ582298,EU437260,NA
Oxalis_bowiei,MO502cfbowiei,EU436895,NA,NA,NA,NA,EU437055,EU437183,NA
Oxalis_brasiliensis,Holmes0008,EU436879,NA,NA,NA,NA,EU437044,EU437168,NA
Oxalis_bullulata,Dreyer792,EU436908,NA,NA,NA,NA,EU437063,EU437196,NA
Oxalis_burkei,Dreyer618,EU437029,NA,NA,NA,NA,AJ582299,NA,NA
Oxalis_burtoniae,Oberlander0031,EU437008,NA,NA,NA,NA,AJ582300,EU437294,NA
Oxalis_callosa,Oberlander0120,EU436973,NA,NA,NA,NA,EU437103,EU437259,NA
Oxalis_camelopardalis,Oberlander0071,EU437012,NA,NA,NA,NA,EU437119,EU437298,NA
Oxalis_campicola,Dreyer780,EU436981,NA,NA,NA,NA,AJ582301,EU437267,NA
Oxalis_campylorrhiza,Dreyer696,EU436947,NA,NA,NA,NA,AJ582302,EU437233,NA
Oxalis_aff_campylorrhiza,Dreyer689,EU436948,NA,NA,NA,NA,EU437089,EU437234,NA
Oxalis_capillacea,Dreyer625,EU437013,NA,NA,NA,NA,AJ582304,EU437299,NA
Oxalis_caprina,DreyerOberlander0001,EU436892,NA,NA,NA,NA,AJ582305,EU437180,NA
Oxalis_cathara,MO582cathara,EU436931,NA,NA,NA,NA,EU437077,EU437218,NA
Oxalis_ciliaris,Dreyer613,EU436979,NA,NA,NA,NA,AJ582307,EU437265,NA
Oxalis_clavifolia,Oberlander0141,EU436951,NA,NA,NA,NA,EU437090,EU437237,NA
Oxalis_commutata,Dreyer606,EU436898,NA,NA,NA,NA,AJ582308,EU437186,NA
Oxalis_comosa,Mucina220901/30A,EU436954,NA,NA,NA,NA,EU437091,EU437240,NA
Oxalis_compressa,BayerOberlander0009,EU436883,NA,NA,NA,NA,EU437046,EU437172,NA
Oxalis_comptonii,Dreyer802,EU436985,NA,NA,NA,NA,AJ582309,EU437272,NA
Oxalis_confertifolia,Oberlander0075,EU437011,NA,NA,NA,NA,EU437118,EU437297,NA
Oxalis_convexula,Oberlander0014,EU436913,NA,NA,NA,NA,EU437067,EU437201,NA
Oxalis_copiosa,Oberlander0021,EU436887,NA,NA,NA,NA,EU437049,EU437176,NA
Oxalis_corniculata,Oberlander0025,EU436867,NA,NA,NA,NA,AJ582310,EU437156,NA
Oxalis_crocea,Dreyer693,EU436950,NA,NA,NA,NA,AJ582311,EU437236,NA
Oxalis_cuneata,Dreyer791,EU436969,NA,NA,NA,NA,EU437101,EU437255,NA
Oxalis_densa,Oberlander0169,EU436921,NA,NA,NA,NA,EU437073,EU437209,NA
Oxalis_dentata,Cilliers0004,EU436888,NA,NA,NA,NA,AJ582312,EU437177,NA
Oxalis_depressa,Oberlander0085,EU436909,NA,NA,NA,NA,EU437064,EU437197,NA
Oxalis_deserticola,Oberlander0114,EU436939,NA,NA,NA,NA,EU437083,EU437226,NA
Oxalis_dichotoma,Oberlander0052,EU436893,NA,NA,NA,NA,EU437053,EU437181,NA
Oxalis_dilatata,BayerOberlander0014,EU436910,NA,NA,NA,NA,EU437065,EU437198,NA
Oxalis_dillenii,Walter6565,EU436868,NA,NA,NA,NA,EU437034,EU437157,NA
Oxalis_dines,Helme1355,EU436943,NA,NA,NA,NA,EU437085,NA,NA
Oxalis_disticha,Oberlander0159,EU436942,NA,NA,NA,NA,EU437084,EU437229,NA
Oxalis_dregei,Mucina210903/11,EU436930,NA,NA,NA,NA,AJ582313,EU437217,NA
Oxalis_droseroides,Oberlander0079,EU436994,NA,NA,NA,NA,EU437111,EU437280,NA
Oxalis_duriuscula,Oberlander0082,EU437020,NA,NA,NA,NA,EU437123,EU437306,NA
Oxalis_ebracteata,Dreyer644,EU436990,NA,NA,NA,NA,AJ582314,EU437276,NA
Oxalis_eckloniana,Dreyer628,EU437025,NA,NA,NA,NA,AJ582315,EU437311,NA
Oxalis_engleriana,Oberlander0010,EU436961,NA,NA,NA,NA,AJ582316,EU437247,NA
Oxalis_exserta,Dreyer686,EU436967,NA,NA,NA,NA,AJ582317,EU437253,NA
Oxalis_fabaefolia,Dreyer721/A,EU436925,NA,NA,NA,NA,EU437075,EU437212,NA
Oxalis_falcatula,Oberlander0096,EU436992,NA,NA,NA,NA,EU437109,EU437278,NA
Oxalis_fergusoniae,Oberlander0111,EU436912,NA,NA,NA,NA,EU437066,EU437200,NA
Oxalis_fibrosa,Oberlander0051,EU436958,NA,NA,NA,NA,EU437095,EU437244,NA
Oxalis_flava,Dreyer614,EU436924,NA,NA,NA,NA,AJ582318,EU437211,NA
Oxalis_flaviuscula,Dreyer701,EU436929,NA,NA,NA,NA,AJ582319,EU437216,NA
Oxalis_fourcadei,BeanVlok2046,EU436923,NA,NA,NA,NA,EU437074,NA,NA
Oxalis_furcillata,Oberlander0022,EU436952,NA,NA,NA,NA,AJ582320,EU437238,NA
Oxalis_giftbergensis,Dreyer796,EU436988,NA,NA,NA,NA,AJ582321,EU437274,NA
Oxalis_glabra,Mucina170601/2,EU437000,NA,NA,NA,NA,AJ582322,EU437286,NA
Oxalis_goniorrhiza,Oberlander0157,EU437002,NA,NA,NA,NA,EU437114,EU437288,NA
Oxalis_gracilipes,Dreyer645,EU436991,NA,NA,NA,NA,EU437108,EU437277,NA
Oxalis_gracilis,Oberlander123,EU436976,NA,NA,NA,NA,EU437104,EU437262,NA
Oxalis_grammopetala,Oberlander0156,EU436906,NA,NA,NA,NA,EU437062,EU437194,NA
Oxalis_grammophylla,Dreyer670,EU437016,NA,NA,NA,NA,AJ582323,EU437302,NA
Oxalis_haedulipes,Mucina180903/9,EU436886,NA,NA,NA,NA,EU437048,EU437175,NA
Oxalis_heterophylla,BayerOberlander0008,EU437018,NA,NA,NA,NA,EU437121,EU437304,NA
Oxalis_hirta,Dreyer646,EU436971,NA,NA,NA,NA,AJ582324,EU437257,NA
Oxalis_hygrophila,KumwendaDreyer0001,EU437024,NA,NA,NA,NA,AJ582333,EU437310,NA
Oxalis_hypsophila,Dreyer805,EU436874,NA,NA,NA,NA,EU437040,EU437163,NA
Oxalis_imbricata,Oberlander0062,EU436896,NA,NA,NA,NA,EU437056,EU437184,NA
Oxalis_incarnata,Oberlander0063,EU436957,NA,NA,NA,NA,EU437094,EU437243,NA
Oxalis_inconspicua,Dreyer707,EU436944,NA,NA,NA,NA,EU437086,EU437230,NA
Oxalis_kamiesbergensis,MO592cfkamiebergensis,EU436970,NA,NA,NA,NA,EU437102,EU437256,NA
Oxalis_knuthiana,Dreyer721,EU436884,NA,NA,NA,NA,AJ582325,EU437173,NA
Oxalis_lanata,Dreyer751,EU437027,NA,NA,NA,NA,EU437125,NA,NA
Oxalis_lasiandra,MO455,EU436876,NA,NA,NA,NA,EU437041,EU437165,NA
Oxalis_lateriflora,Dreyer651,EU436890,NA,NA,NA,NA,EU437051,NA,NA
Oxalis_lateriflora,Dreyer652,NA,NA,NA,NA,NA,NA,EU437178,NA
Oxalis_latifolia,Oberlander0023,EU436875,NA,NA,NA,NA,AJ582326,EU437164,NA
Oxalis_leptocalyx,Oberlander0076,EU437001,NA,NA,NA,NA,EU437113,EU437287,NA
Oxalis_leptogramma,Dreyer617,EU437014,NA,NA,NA,NA,AJ582327,EU437300,NA
Oxalis_lichenoides,Dreyer785,EU436919,NA,NA,NA,NA,AJ582328,EU437207,NA
Oxalis_linearis,Dreyer679,EU436972,NA,NA,NA,NA,AJ582329,EU437258,NA
Oxalis_livida,Oberlander0078,EU436889,NA,NA,NA,NA,EU437050,NA,NA
Oxalis_louisae,Dreyer708,EU436928,NA,NA,NA,NA,AJ582330,EU437215,NA
Oxalis_luteola,Oberlander0026,EU436904,NA,NA,NA,NA,AJ582331,EU437192,NA
Oxalis_massoniana,Holmes0016,EU437015,NA,NA,NA,NA,EU437120,EU437301,NA
Oxalis_meisneri,Oberlander0088,EU436993,NA,NA,NA,NA,EU437110,EU437279,NA
Oxalis_melanosticta,Dreyer622,EU436901,NA,NA,NA,NA,AJ582332,EU437189,NA
Oxalis_minuta,Dreyer727,EU437028,NA,NA,NA,NA,AJ582334,NA,NA
Oxalis_monophylla,DreyerOberlander0003,EU436927,NA,NA,NA,NA,AJ582335,EU437214,NA
Oxalis_multicaulis,Oberlander0080,EU436998,NA,NA,NA,NA,EU437112,EU437284,NA
Oxalis_namaquana,Dreyer713,EU436941,NA,NA,NA,NA,AJ582336,EU437228,NA
Oxalis_natans,Oberlander0160,EU437009,NA,NA,NA,NA,EU437117,EU437295,NA
Oxalis_nidulans,Dreyer752,EU437026,NA,NA,NA,NA,AJ582337,EU437312,NA
Oxalis_nortieri,Oberlander0112,EU436914,NA,NA,NA,NA,EU437068,EU437202,NA
Oxalis_obliquifolia,Bellstedt711,EU436915,NA,NA,NA,NA,EU437069,EU437203,NA
Oxalis_obtusa,Dreyer691,EU436922,NA,NA,NA,NA,AJ582338,EU437210,NA
Oxalis_oculifera,Dreyer799,EU436953,NA,NA,NA,NA,AJ582339,EU437239,NA
Oxalis_oligophylla,Dreyer797,EU437023,NA,NA,NA,NA,AJ582340,EU437309,NA
Oxalis_orbicularis,Oberlander0066,EU436899,NA,NA,NA,NA,EU437058,EU437187,NA
Oxalis_oreophila,Dreyer666,EU436975,NA,NA,NA,NA,AJ582341,EU437261,NA
Oxalis_orthopoda,Oberlander0068,EU436956,NA,NA,NA,NA,EU437093,EU437242,NA
Oxalis_cf_pachyrrhiza,Dreyer809,EU436871,NA,NA,NA,NA,EU437037,EU437160,NA
Oxalis_pallens,Dreyer654,EU436997,NA,NA,NA,NA,AJ582342,EU437283,NA
Oxalis_palmifrons,Holmes0019,EU437021,NA,NA,NA,NA,EU437124,EU437307,NA
Oxalis_pendulifolia,Oberlander0067,EU437019,NA,NA,NA,NA,EU437122,EU437305,NA
Oxalis_perdicaria,Botrand0002,EU436878,NA,NA,NA,NA,EU437043,EU437167,NA
Oxalis_pes-caprae,Dreyer662,EU436882,NA,NA,NA,NA,AJ582343,EU437171,NA
Oxalis_phloxidiflora,Dreyer678,EU436984,NA,NA,NA,NA,EU437106,EU437270,NA
Oxalis_pillansiana,Oberlander0135,EU436938,NA,NA,NA,NA,EU437082,EU437225,NA
Oxalis_pocockiae,Dreyer626,EU436911,NA,NA,NA,NA,AJ582344,EU437199,NA
Oxalis_polyphylla,Cilliers0002,EU437010,NA,NA,NA,NA,AJ582345,EU437296,NA
Oxalis_porphyriosiphon,Oberlander0167,EU436987,NA,NA,NA,NA,EU437107,EU437273,NA
Oxalis_primuloides,Dreyer711,EU436966,NA,NA,NA,NA,AJ582346,EU437252,NA
Oxalis_pseudocernua,Craven4781,EU436880,NA,NA,NA,NA,EU437045,EU437169,NA
Oxalis_psilopoda,Oberlander0064,EU436891,NA,NA,NA,NA,EU437052,EU437179,NA
Oxalis_pulchella,Dreyer612,EU436907,NA,NA,NA,NA,AJ582347,EU437195,NA
Oxalis_cf_pulvinata,MO576cfpulvinata,EU436926,NA,NA,NA,NA,EU437076,EU437213,NA
Oxalis_punctata,Cilliers0005,EU436917,NA,NA,NA,NA,AJ582367,EU437205,NA
Oxalis_purpurascens,Dreyer634,EU436881,NA,NA,NA,NA,AJ582348,EU437170,NA
Oxalis_purpurea,Oberlander0024,EU436902,NA,NA,NA,NA,AJ582349,EU437190,NA
Oxalis_pusilla,Dreyer746,EU437004,NA,NA,NA,NA,AJ582350,EU437290,NA
Oxalis_reclinata,Dreyer718,EU436968,NA,NA,NA,NA,AJ582351,EU437254.,NA
Oxalis_recticaulis,Oberlander0170,EU437003,NA,NA,NA,NA,EU437115,EU437289,NA
Oxalis_salteri,Dreyer784,EU436932,NA,NA,NA,NA,AJ582352,EU437219,NA
Oxalis_setosa,Bellstedt770,EU436916,NA,NA,NA,NA,EU437070,EU437204,NA
Oxalis_smithiana,Bellstedt699,EU436964,NA,NA,NA,NA,EU437099,EU437250,NA
Oxalis_sonderiana,Dreyer694,EU436945,NA,NA,NA,NA,EU437087,EU437231,NA
Oxalis_stellata,Oberlander0086,EU436894,NA,NA,NA,NA,EU437054,EU437182,NA
Oxalis_stenopetala,Dreyer675,EU436983,NA,NA,NA,NA,AJ582353,EU437269,NA
Oxalis_stenoptera,Oberlander0138,EU436934,NA,NA,NA,NA,EU437079,EU437221,NA
Oxalis_stictocheila,Dreyer749,EU436996,NA,NA,NA,NA,AJ582355,EU437282,NA
Oxalis_stricta,Walter6518,EU436869,NA,NA,NA,NA,EU437035,EU437158,NA
Oxalis_strigosa,Oberlander0093,EU436959,NA,NA,NA,NA,EU437096,EU437245,NA
Oxalis_suavis,Oberlander0075,EU436937,NA,NA,NA,NA,EU437081,EU437224,NA
Oxalis_suteroides,Oberlander0115,EU436963,NA,NA,NA,NA,EU437098,EU437249,NA
Oxalis_tenella,Dreyer639,EU436978,NA,NA,NA,NA,AJ582356,EU437264,NA
Oxalis_tenuifolia,Oberlander0027,EU436995,NA,NA,NA,NA,EU437112,EU437281,NA
Oxalis_tenuipes,Dreyer800,EU436986,NA,NA,NA,NA,AJ582358,EU437271,NA
Oxalis_tenuis,Dreyer793,EU436989,NA,NA,NA,NA,AJ582359,EU437275,NA
Oxalis_tetraphylla,MO392cftetraphylla,EU436877,NA,NA,NA,NA,EU437042,EU437166,NA
Oxalis_tomentosa,Roller0006,EU437022,NA,NA,NA,NA,AJ582360,EU437308,NA
Oxalis_cf_tragopoda,MO490cftragopoda,EU436897,NA,NA,NA,NA,EU437057,EU437185,NA
Oxalis_truncatula,Dreyer605,EU436960,NA,NA,NA,NA,AJ582361,EU437246,NA
Oxalis_uliginosa,MO394uliginosa,EU436933,NA,NA,NA,NA,EU437078,EU437220,NA
Oxalis_urbaniana,Bytebier2015,EU436999,NA,NA,NA,NA,AJ582362,EU437285,NA
Oxalis_valdiviensis,Botrand0001,EU436873,NA,NA,NA,NA,EU437039,EU437162,NA
Oxalis_versicolor,Oberlander0034,EU437006,NA,NA,NA,NA,AJ582363,EU437292,NA
Oxalis_virginea,MO580virginea,EU436955,NA,NA,NA,NA,EU437092,EU437241,NA
Oxalis_viscosa,Dreyer642,EU436949,NA,NA,NA,NA,AJ582364,EU437235,NA
Oxalis_vulcanicola,MO702cfhedysaroides,EU436872,NA,NA,NA,NA,EU437038,EU437161,NA
Oxalis_xantha,Dreyer671,EU436980,NA,NA,NA,NA,AJ582365,EU437266,NA
Oxalis_zeekoevleyensis,Oberlander0012,EU436900,NA,NA,NA,NA,EU437059,EU437188,NA
Oxalis_zeyheri,MO590cfzeyheri,EU436962,NA,NA,NA,NA,EU437097,EU437248,NA
Oxalis_peduncularis,UnknownN,AY356350,NA,NA,NA,NA,NA,NA,NA
Oxalis_articulata,UnknownN,Z66545,NA,NA,NA,NA,NA,NA,NA
Oxalis_villosula,UnknownN,Z66547,NA,NA,NA,NA,NA,NA,NA
Oxalis_tuberosa,UnknownN,Z66546,NA,NA,NA,NA,NA,NA,NA
Oxalis_corniculata,Vaio386,NA,NA,NA,KC602036,NA,KC602060,NA,KC602088
Oxalis_corniculata,Vaio413,KC602003,NA,NA,NA,NA,NA,NA,NA
Oxalis_corniculata,Emshwiller793,JN603192,NA,NA,JN836781,NA,EU437126,NA,JN836851
Oxalis_corniculata,GardnerS1,KC602004,NA,NA,KC602032,NA,KC602056,NA,KC602085
Oxalis_corniculata,Oberlander0025,EU436867,NA,NA,NA,NA,NA,NA,EU437361
Oxalis_corniculata,Whang30690,EU274619,NA,NA,NA,NA,NA,NA,NA
Oxalis_corniculata,Gravendeel723,JN634730,NA,NA,NA,NA,NA,NA,NA
Oxalis_corniculata,shawpc1016I,JN407499,NA,NA,NA,NA,NA,NA,NA
Oxalis_corniculata,Emshwiller992,KC602005,NA,NA,KC602033,NA,KC602057,NA,KC602086
Oxalis_corniculata,KEW37915,KC602006,NA,NA,KC602034,NA,KC602058,NA,NA
Oxalis_corniculata,Vaio259,KC602007,NA,NA,KC602035,NA,KC602059,NA,KC602087
Oxalis_fontana,Whang30761,EU274622,NA,NA,NA,NA,NA,NA,NA
Oxalis_stricta,Walter6518,EU436869,NA,NA,NA,NA,EU437035,NA,NA
Oxalis_stricta,GardnerstrictaB,NA,NA,NA,KC602037,NA,KC602061,NA,KC602089
Oxalis_calachaccensis,Emshwiller151,KC602008,NA,NA,NA,NA,EU437127,NA,NA
Oxalis_calachaccensis,Emshwiller880X,KC602009,NA,NA,KC602038,NA,KC602063,NA,NA
Oxalis_bisfracta,Emshwiller232,KC602010,NA,NA,KC602039,NA,KC602065,NA,KC602091
Oxalis_dillenii,Walter6565,EU436868,NA,NA,NA,NA,EU437034,NA,NA
Oxalis_dillenii,Emshwiller1160,NA,NA,NA,NA,NA,KC602064,NA,KC602090
Oxalis_aureoflava,Munoz4871,JN634725,NA,NA,NA,NA,JN620122,NA,NA
Oxalis_paludosa,Vaio479,KC602011,NA,NA,KC602040,NA,KC602066,NA,KC602092
Oxalis_tenerrima,VaioC30,KC602012,NA,NA,KC602041,NA,KC602067,NA,KC602093
Oxalis_tenerrima,VaioC25,KC602013,NA,NA,NA,NA,NA,NA,NA
Oxalis_conorrhiza,Vaio86,KC602014,NA,NA,NA,NA,NA,NA,KC602094
Oxalis_conorrhiza,Vaio206,NA,NA,NA,KC602042,NA,KC602068,NA,KC602095
Oxalis_conorrhiza,Vaio175,KC602015,NA,NA,NA,NA,KC602069,NA,KC602096
Oxalis_conorrhiza,Vaio528,KC602016,NA,NA,NA,NA,NA,NA,NA
Oxalis_gyrorhiza,Heibl02-035,NA,NA,NA,NA,NA,JN620129,NA,NA
Oxalis_niederleinii,Vaio190,KC602018,NA,NA,KC602044,NA,KC602071,NA,KC602098
Oxalis_refracta,Vaio496,KC602019,NA,NA,KC602045,NA,KC602072,NA,KC602099
Oxalis_eriocarpa,Vaio31,KC602020,NA,NA,KC602046,NA,KC602073,NA,KC602100
Oxalis_dumetorum,Mihoc7330,JN634731,NA,NA,NA,NA,NA,NA,NA
Oxalis_serpens,VaioC27,KC602017,NA,NA,KC602043,NA,KC602070,NA,KC602097
Oxalis_bifrons,Fiaschi3633,KC602021,NA,NA,KC602047,NA,KC602074,NA,KC602101
Oxalis_sarmentosa,VaioC13,KC602022,NA,NA,KC602048,NA,KC602075,NA,KC602102
Oxalis_sarmentosa,VaioC35,KC602023,NA,NA,NA,NA,NA,NA,NA
Oxalis_paranaensis,VaioC2,KC602024,NA,NA,KC602049,NA,KC602076,NA,KC602103
Oxalis_debilis,Vaio62,JN836774,NA,NA,JN836806,NA,JN836760,NA,JN836876
Oxalis_perdicaria,Vaio79,JN836772,NA,NA,JN836808,NA,JN836762,NA,JN836878
Oxalis_floribunda,Vaio358,JN836767,NA,NA,JN836790,NA,JN836758,NA,JN836861
Oxalis_acetosella,Emshwiller114,JN836783,NA,NA,JN836783,NA,JN639537,NA,JN836853
Oxalis_tuberosa,Emshwiller97:50-02,JN603198,NA,NA,JN836787,NA,KC602077,NA,KC602104
Oxalis_rosea,Lammers7916,JN603194,NA,NA,JN836784,NA,JN639538,NA,JN836854
Oxalis_megalorrhiza,Emshwiller773,JN603196,NA,NA,NA,NA,EU437139,NA,JN836856
Oxalis_psoraleoides,Vaio431,KC602030,NA,NA,KC602054,NA,NA,NA,KC602109
Oxalis_psoraleoides,Emshwiller781,NA,NA,NA,NA,NA,EU437128,NA,NA
Oxalis_rhombeo-ovata,Vaio526,KC602031,NA,NA,NA,NA,KC602084,NA,KC602110
Oxalis_frutescens,Vaio426,KC602026,NA,NA,KC602051,NA,KC602080,NA,KC602106
Oxalis_divaricata,Felix13386,KC602028,NA,NA,KC602055,NA,KC602082,NA,KC602111
Oxalis_grisea,Vaio512,KC602025,NA,NA,KC602050,NA,KC602079,NA,KC602105
Oxalis_glaucescens,Felix13539,KC602029,NA,NA,KC602053,NA,KC602083,NA,KC602108
Oxalis_barrelieri,Vaio517,KC602027,NA,NA,KC602052,NA,KC602081,NA,KC602107
Oxalis_articulata_forma_crassipes,Emshwiller463,JN618506,NA,NA,JN836788,NA,NA,NA,JN836859
Oxalis_articulata_subsp_articulata,Vaio505,KX249612,NA,NA,KX249662,NA,KX249636,NA,KX249639
Oxalis_articulata_subsp_rubra,Vaio226,KX249615,NA,NA,KX249663,NA,KX249640,NA,KX249641
Oxalis_sp_Betete,Vaio297,KX249631,NA,NA,KX249668,NA,KX249657,NA,KX249658
Oxalis_sp_Cuervos,Vaio294,KX249632,NA,NA,KX249669,NA,KX249659,NA,KX249660
Oxalis_floribunda_subsp_floribunda,Vaio358,JN836767,NA,NA,JN836790,NA,JN836758,NA,JN836861
Oxalis_floribunda_subsp_ostenii,Vaio388,KX249623,NA,NA,KX249665,NA,KX249647,NA,KX249648
Oxalis_lasiopetala,Vaio87,KX249626,NA,NA,KX249666,NA,KX249651,NA,KX249652
Oxalis_linarantha,Wasum3369,NA,NA,NA,JN618508,NA,JN639541,NA,JN836862
Oxalis_linarantha,Fiaschi3710,KX249629,NA,NA,NA,NA,NA,NA,NA
Oxalis_monticola,Vaio20,KX249630,NA,NA,KX249667,NA,KX249655,NA,KX249656
Oxalis_triangularis_subsp_papilionacea,Emshwiller456,JN618512,NA,NA,JN836793,NA,EU437141,NA,JN836864
Oxalis_geralensis,UnknownN,KX249625,NA,NA,NA,NA,KX249650,NA,KX249649
Oxalis_perdicaria,Vaio79,JN836772,NA,NA,JN836808,NA,JN836762,NA,JN836878
Oxalis_hernandesii,Gardner26,JN618533,NA,NA,JN836828,NA,JN639567,NA,JN836896
Oxalis_flava,Dreyer614,EU436924,NA,NA,NA,NA,AJ582318,NA,EU437372
Oxalis_incarnata,Emshwiller149,JN618509,NA,NA,JN836791,NA,JN639542,NA,JN836863
Oxalis_pes-caprae,Emshwiller608,JN618510,NA,NA,JN836792,NA,EU437145,NA,NA
Oxalis_adenophylla,GardnerADEPH1,JN618511,NA,NA,JN836802,NA,JN639550,NA,JN836872
Oxalis_laciniata,HeiblMunozToro04-047,JN634737,NA,NA,NA,NA,JN620134,NA,JN620097
Oxalis_enneaphylla,HeiblMunozToro04-047,JN634732,NA,NA,NA,NA,JN620127,NA,JN620092
Oxalis_rosea,Heibl03-014,JN634751,NA,NA,JN836784,NA,JN620150,NA,JN836854
Oxalis_alstonii,UnknownN,MH705067,NA,NA,MH705088,NA,EU437129,NA,MH705080
Oxalis_articulata_subsp_articulata,Vaio242,KX249610,NA,NA,KX249681,NA,KX249638,NA,NA
Oxalis_articulata_subsp_rubra,Vaio226,NA,NA,NA,NA,NA,NA,NA,KX249641
Oxalis_barrelieri,UnknownN,KC602027,NA,NA,KC602052,NA,KC602081,NA,KC602107
Oxalis_blackii,Costa115,MH705068,NA,NA,MH705089,NA,MH705073,NA,MH705081
Oxalis_colatinensis,Fiaschi4625,MH705069,NA,NA,MH705090,NA,MH705074,NA,MH705082
Oxalis_cratensis,Vaio404,NA,NA,NA,MH705091,NA,MH705075,NA,MH705083
Oxalis_erosa,UnknownN,MH705070,NA,NA,MH705092,NA,MH705076,NA,MH705084
Oxalis_floribunda,Vaio358,JN836767,NA,NA,JN836790,NA,JN836758,NA,JN836861
Oxalis_frutescens,JPC29,MH705071,NA,NA,MH705093,NA,MH705077,NA,MH705085
Oxalis_neuwiedii,EMA1336,MH705072,NA,NA,MH705094,NA,MH705078,NA,MH705086
Oxalis_psoraleoides,Felix14001,KC602030,NA,NA,KC602054,NA,EU437128,NA,KC602109
Oxalis_rhombeo-ovata,Vaio526,KC602031,NA,NA,NA,NA,KC602084,NA,KC602110
Oxalis_umbraticola,UnknownN,NA,NA,NA,MH705095,NA,MH705079,NA,MH705087
Oxalis_articulata_subsp_articulata,Vaio242,KX249610,NA,NA,KX249681,NA,KX249638,NA,NA
Oxalis_nelsonii,Gardner66,JN618559,NA,NA,N836841,NA,JN639580J,NA,NA
Oxalis_sarmentosa,Nuernberg1849,OQ623654,NA,NA,OR099859,NA,OR099882,NA,NA
Oxalis_caesariata,Fiaschi5273,PP175926,NA,NA,PP179507,NA,PP179511,NA,NA
Oxalis_caesariata,Radavelli62,PP175925,NA,NA,PP179506,NA,PP179510,NA,NA
Oxalis_densifolia,Cabral93,OQ310875,NA,NA,OQ295996,NA,OQ296022,NA,NA
Oxalis_gardneriana,Scatigna1336,PQ847008,NA,NA,PQ846555,NA,NA,NA,NA
Oxalis_veadeirosensis,Fiaschi5330,PQ847009,NA,NA,PQ846557,NA,PQ846558,NA,NA
Oxalis_mandioccana,Richetti29,OQ310885,NA,NA,OQ296006,NA,OQ296033,NA,NA
Oxalis_blackii,Costa115,MH705068,NA,NA,MH705089,NA,MH705073,NA,NA
Oxalis_psoraleoides_subsp_insipida,CabralIS4,OR094469,NA,NA,OR099857,NA,NA,NA,NA
Oxalis_grisea,Vaio512,KC602025,NA,NA,KC602050,NA,KC602079,NA,NA
Oxalis_barrelieri,Vaio517,KC602027,NA,NA,KC602052,NA,KC602081,NA,NA
Oxalis_cytisoides,Cabral139,OQ310874,NA,NA,OQ295995,NA,OQ296021,NA,NA
Oxalis_hyalotricha_subsp_hyalotricha,Cabral170,OQ623647,NA,NA,OR099849,NA,NA,NA,NA
Oxalis_pyrenea_var_macrochaeta,Cabral96,OQ623651,NA,NA,OR099858,NA,OR099881,NA,NA
Oxalis_pyrenea_var_macrochaeta,Radavelli67,NA,NA,NA,PP179508,NA,PP179512,NA,NA
Oxalis_pyrenea_var_pyrenea,Cabral103,NA,NA,NA,OR099858,NA,OR099881,NA,NA
Oxalis_pyrenea_var_pyrenea,Sartor65,PP175927,NA,NA,PP179509,NA,PP179513,NA,NA
Oxalis_sellowii,Cabral109,OQ623655,NA,NA,OR099860,NA,OR099883,NA,NA
Oxalis_suborbiculata,Cabral111,OQ310896,NA,NA,OQ296016,NA,OQ296044,NA,NA
