taxon,specimen,ITS,ncpGS,psbA_trnH,psbJ_petA,rbcL,trnL_trnF,trnS_trnG,trnT_trnL,Nmarker,Kmarker,duplicate
Aceratium_ferrugineum,Harrington296,DQ448685,NA,NA,NA,NA,DQ444681,NA,NA,2,TRUE,FALSE
Ackama_rosifolia,UnknownN,DQ499074,NA,NA,NA,NA,NA,NA,NA,1,TRUE,FALSE
Agelaea_borneensis,AS166,NA,NA,NA,NA,KU853162,KU853218,NA,NA,2,FALSE,FALSE
Aristotelia_fruticosa,Chase781,DQ448662,NA,NA,NA,NA,DQ444662,NA,NA,2,TRUE,FALSE
Averrhoa_carambola,NC033350,NA,NA,1,1,1,1,1,1,6,FALSE,FALSE
Brunellia_antioquensis,MN615725,OK052516,NA,1,1,1,1,1,1,7,TRUE,FALSE
Brunellia_trianae,MN585217,OK052545,NA,1,1,1,1,1,1,7,TRUE,FALSE
Caldcluvia_paniculosa,UnknownN,DQ499068,NA,NA,NA,NA,NA,NA,NA,1,TRUE,FALSE
Callicoma_serratifolia,CUN120,PQ778287,NA,NA,NA,NA,PQ879015,NA,NA,2,TRUE,FALSE
Cephalotus_follicularis,ON149879,NA,NA,1,1,1,1,1,1,6,FALSE,FALSE
Ceratopetalum_apetalum,UnknownN,DQ499070,NA,NA,NA,NA,NA,NA,NA,1,TRUE,FALSE
Cnestidium_rufescens,DB0784,NA,NA,MZ478332,NA,KJ594182,NA,NA,NA,2,FALSE,FALSE
Cnestis_polyphylla,Abbott9113,NA,NA,NA,NA,JX572418,NA,NA,NA,1,FALSE,FALSE
Connarus_panamensis,DB0282,NA,NA,MZ478340,NA,KJ594195,NA,NA,NA,2,FALSE,FALSE
Crinodendron_patagua,AllenNSW605484,DQ448674,NA,NA,NA,NA,DQ444666,NA,NA,2,TRUE,FALSE
Cunonia_balansae,CUN069,PQ778246,NA,NA,NA,NA,PQ878973,NA,NA,2,TRUE,FALSE
Dapania_pentandra,DAPEN,EU436861,NA,NA,NA,NA,EU437031,EU437150,NA,3,TRUE,FALSE
Davidsonia_pruriens,Carlsen3197,OL536442,NA,NA,NA,OL536852,NA,NA,NA,2,TRUE,FALSE
Dubouzetia_campanulata,Crayn745,KJ675676,NA,NA,NA,NA,DQ444667,NA,NA,2,TRUE,FALSE
Elaeocarpus_decipiens,MZ334669,NA,NA,1,1,1,1,1,1,6,FALSE,FALSE
Ellipanthus_glabrifolius,CPG00356,NA,NA,NA,NA,KX527037,NA,NA,NA,1,FALSE,FALSE
Eucryphia_cordifolia,CONC125000,OK052514,NA,NA,NA,NA,NA,NA,NA,1,TRUE,FALSE
Jollydora_glandulosa,PM5146,NA,NA,NA,NA,KC628392,NA,NA,NA,1,FALSE,FALSE
Lamononia_ternata,Blum10-127,KF420994,NA,NA,NA,NA,NA,NA,NA,1,TRUE,FALSE
Opocunonia_papuana,UnknownN,DQ499069,NA,NA,NA,NA,NA,NA,NA,1,TRUE,FALSE
Oxalis_acetosella,HeiblBotGardenMunich01,JN634720,NA,JN592057,NA,JN587320,JN620117,JN627218,JN620084,6,TRUE,FALSE
Oxalis_adenodes,Dreyer716,EU436903,NA,NA,NA,NA,EU437060,EU437191,NA,3,TRUE,FALSE
Oxalis_adenophylla,HeiblPfanzelt05-024,JN634721,NA,JN592058,NA,JN587321,JN620118,NA,JN620085,5,TRUE,FALSE
Oxalis_adpressipila,Kuhlmann6587h,OQ310891,NA,NA,NA,NA,OQ296038,NA,NA,2,TRUE,FALSE
Oxalis_adspersa,Dreyer635,EU436936,NA,NA,NA,NA,AJ582290,EU437223,NA,3,TRUE,TRUE
Oxalis_aff_campylorrhiza,Dreyer689,EU436948,NA,NA,NA,NA,EU437089,EU437234,NA,3,TRUE,FALSE
Oxalis_aff_distincta,Emshwiller289/321/447,U74266,NA,NA,NA,NA,NA,NA,NA,1,TRUE,FALSE
Oxalis_aff_spiralis,Emshwiller184,U74261,NA,NA,NA,NA,NA,NA,NA,1,TRUE,FALSE
Oxalis_aff_tuberosa,Emshwiller260,U74287,NA,NA,NA,NA,NA,NA,NA,1,TRUE,FALSE
Oxalis_aff_umbraticola,Rhoden19,NA,NA,NA,PQ585598,NA,PQ585614,NA,NA,2,FALSE,FALSE
Oxalis_alpina,Gardner45,JN618513,NA,NA,JN836794,NA,JN639543,NA,JN836865,4,TRUE,FALSE
Oxalis_alstonii,UnknownN,MH705067,NA,NA,MH705088,NA,EU437129,NA,MH705080,4,TRUE,FALSE
Oxalis_alstonii_subsp_lutzii,Melo_4829,PQ536091,NA,NA,PQ585585,NA,PQ585602,NA,NA,3,TRUE,FALSE
Oxalis_alvimii,Fiaschi4597,OQ310870,NA,NA,OQ295991,NA,OQ296017,NA,NA,3,TRUE,TRUE
Oxalis_ambigua,Oberlander0140,EU436905,NA,NA,NA,NA,EU437061,EU437193,NA,3,TRUE,FALSE
Oxalis_amblyodonta,Bayer7397,EU437007,NA,NA,NA,NA,EU437116,EU437293,NA,3,TRUE,FALSE
Oxalis_amblyosepala,Oberlander0168,EU436982,NA,NA,NA,NA,EU437105,EU437268,NA,3,TRUE,FALSE
Oxalis_amorimii,Fiaschi5457,PQ536092,NA,NA,PQ585589,NA,PQ585606,NA,NA,3,TRUE,FALSE
Oxalis_andina,Emshwiller315,U74263,AF098983,NA,NA,NA,NA,NA,NA,1,TRUE,TRUE
Oxalis_animarum,Fiaschi4591,OQ623653,NA,NA,OR099855,NA,OR099879,NA,NA,3,TRUE,TRUE
Oxalis_annae,Mucina170903/3,EU436920,NA,NA,NA,NA,EU437072,EU437208,NA,3,TRUE,FALSE
Oxalis_arbuscula,HeiblPfanzelt05-050,JN634722,NA,JN592059,NA,JN587322,JN620119,NA,JN620086,5,TRUE,FALSE
Oxalis_arenaria,Heibl03-094,JN634723,NA,JN592060,NA,JN587330,JN620120,JN627219,JN620087,6,TRUE,FALSE
Oxalis_argentina,Emshwiller235,JN618516,NA,NA,JN836797,NA,EU437143,NA,NA,3,TRUE,FALSE
Oxalis_argillacea,Dreyer786,EU436940,NA,NA,NA,NA,AJ582294,EU437227,NA,3,TRUE,TRUE
Oxalis_argyrophylla,Oberlander0040,EU437005,NA,NA,NA,NA,AJ582295,EU437291,NA,3,TRUE,FALSE
Oxalis_aridicola,Dreyer672,EU436977,NA,NA,NA,NA,AJ582296,EU437263,NA,3,TRUE,TRUE
Oxalis_articulata,UnknownN,Z66545,NA,NA,NA,NA,NA,NA,NA,1,TRUE,TRUE
Oxalis_articulata_forma_crassipes,Emshwiller463,JN618506,NA,NA,JN836788,NA,EU437146,NA,JN836859,4,TRUE,TRUE
Oxalis_articulata_subsp_articulata,Vaio505,KX249612,NA,NA,KX249662,NA,KX249636,NA,KX249639,4,TRUE,FALSE
Oxalis_articulata_subsp_rubra,Emshwiller146,JN618507,NA,NA,JN836789,NA,EU437147,NA,JN836860,4,TRUE,FALSE
Oxalis_atacamensis,Heibl01-054,JN634724,NA,JN592061,NA,JN587323,JN620121,NA,JN620088,5,TRUE,FALSE
Oxalis_attaquana,Bayer7007,EU436918,NA,NA,NA,NA,EU437071,EU437206,NA,3,TRUE,FALSE
Oxalis_aurea,Dreyer771,EU436935,NA,NA,NA,NA,EU437080,EU437222,NA,3,TRUE,FALSE
Oxalis_aureoflava,Zollitsch61,NA,NA,JN592062,NA,NA,JN620122,NA,NA,2,FALSE,FALSE
Oxalis_barrelieri,UnknownN,KC602027,NA,NA,KC602052,NA,KC602081,NA,KC602107,4,TRUE,FALSE
Oxalis_bela-vitoriae,Fiaschi4606,OQ310871,NA,NA,OQ295992,NA,OQ296018,NA,NA,3,TRUE,FALSE
Oxalis_bifida,Dreyer608,EU437017,NA,NA,NA,NA,AJ582297,EU437303,NA,3,TRUE,TRUE
Oxalis_bifrons,Fiaschi3633,KC602021,NA,NA,KC602047,NA,KC602074,NA,KC602101,4,TRUE,TRUE
Oxalis_bifurca,Bellstedt764,EU436965,NA,NA,NA,NA,EU437100,EU437251,NA,3,TRUE,FALSE
Oxalis_bipartita,Vaio320,JN836778,NA,NA,JN836810,NA,NA,NA,NA,2,TRUE,FALSE
Oxalis_bipartita_subsp_bipartita,Vaio320,JN836778,NA,NA,JN836810,NA,NA,NA,JN836880,3,TRUE,FALSE
Oxalis_bisfracta,Emshwiller232,KC602010,NA,NA,KC602039,NA,KC602065,NA,KC602091,4,TRUE,FALSE
Oxalis_blackii,Costa115,MH705068,NA,NA,MH705089,NA,MH705073,NA,MH705081,4,TRUE,TRUE
Oxalis_blastorrhiza,Dreyer788,EU436974,NA,NA,NA,NA,AJ582298,EU437260,NA,3,TRUE,TRUE
Oxalis_boliviana,Emshwiller310,U74264,NA,NA,NA,NA,NA,NA,NA,1,TRUE,FALSE
Oxalis_bowiei,MO502cfbowiei,EU436895,NA,NA,NA,NA,EU437055,EU437183,NA,3,TRUE,FALSE
Oxalis_brasiliensis,EmshwillerBRAS2,JN618520,NA,NA,JN836798,NA,JN639546,NA,JN836868,4,TRUE,FALSE
Oxalis_bulbocastanum,Heibl01-071,JN634726,NA,JN592063,NA,JN587324,JN620123,NA,JN620089,5,TRUE,FALSE
Oxalis_bullulata,Dreyer792,EU436908,NA,NA,NA,NA,EU437063,EU437196,NA,3,TRUE,FALSE
Oxalis_burkei,Dreyer618,EU437029,NA,NA,NA,NA,AJ582299,NA,NA,2,TRUE,TRUE
Oxalis_burtoniae,Oberlander0031,EU437008,NA,NA,NA,NA,AJ582300,EU437294,NA,3,TRUE,FALSE
Oxalis_caerulea,Gardner39,JN618517,NA,NA,JN836800,NA,JN639548,NA,JN836870,4,TRUE,FALSE
Oxalis_caesariata,Radavelli62,PP175925,NA,NA,PP179506,NA,PP179510,NA,NA,3,TRUE,FALSE
Oxalis_caesia,Heibl02-012,JN634727,NA,JN602084,NA,JN587325,JN620124,JN627221,JN620090,6,TRUE,FALSE
Oxalis_calachaccensis,Emshwiller880X,KC602009,NA,NA,KC602038,NA,KC602063,NA,NA,3,TRUE,FALSE
Oxalis_callosa,Oberlander0120,EU436973,NA,NA,NA,NA,EU437103,EU437259,NA,3,TRUE,FALSE
Oxalis_camelopardalis,Oberlander0071,EU437012,NA,NA,NA,NA,EU437119,EU437298,NA,3,TRUE,FALSE
Oxalis_campicola,Dreyer780,EU436981,NA,NA,NA,NA,AJ582301,EU437267,NA,3,TRUE,TRUE
Oxalis_campylorrhiza,Dreyer696,EU436947,NA,NA,NA,NA,AJ582302,EU437233,NA,3,TRUE,TRUE
Oxalis_capillacea,Dreyer625,EU437013,NA,NA,NA,NA,AJ582304,EU437299,NA,3,TRUE,TRUE
Oxalis_capixaba,Costa117,OQ310893,NA,NA,OQ296013,NA,OQ296041,NA,NA,3,TRUE,TRUE
Oxalis_caprina,DreyerOberlander0001,EU436892,NA,NA,NA,NA,AJ582305,EU437180,NA,3,TRUE,TRUE
Oxalis_cardenasiana,Wood22331,JN618519,NA,NA,JN836799,NA,JN639547,NA,JN836869,4,TRUE,FALSE
Oxalis_cathara,MO582cathara,EU436931,NA,NA,NA,NA,EU437077,EU437218,NA,3,TRUE,FALSE
Oxalis_cf_alpina,Weller979,JN618565,NA,NA,JN836846,NA,JN639584,NA,JN836913,4,TRUE,FALSE
Oxalis_cf_canaliculata,BayerN,EU436946,NA,NA,NA,NA,EU437088,EU437232,NA,3,TRUE,FALSE
Oxalis_cf_helicoides,Dreyer688,NA,NA,NA,NA,NA,AJ582306,NA,NA,1,FALSE,FALSE
Oxalis_cf_megalorrhiza,Dreyer809,EU436871,NA,NA,NA,NA,EU437037,NA,NA,2,TRUE,FALSE
Oxalis_cf_melilotoides,Emshwiller190,NA,AF470245,NA,NA,NA,NA,NA,NA,1,FALSE,FALSE
Oxalis_cf_pachyrrhiza,Dreyer809,EU436871,NA,NA,NA,NA,EU437037,EU437160,NA,3,TRUE,FALSE
Oxalis_cf_peduncularis,Emshwiller850,NA,AF470263,NA,NA,NA,NA,NA,NA,1,FALSE,FALSE
Oxalis_cf_polymorpha,Fiaschi4618,PQ536094,NA,NA,PQ585594,NA,PQ585611,NA,NA,3,TRUE,FALSE
Oxalis_cf_pulvinata,MO576cfpulvinata,EU436926,NA,NA,NA,NA,EU437076,EU437213,NA,3,TRUE,FALSE
Oxalis_cf_tragopoda,MO490cftragopoda,EU436897,NA,NA,NA,NA,EU437057,EU437185,NA,3,TRUE,FALSE
Oxalis_cf_tuberosa,Emshwiller259,NA,AF470274,NA,NA,NA,NA,NA,NA,1,FALSE,TRUE
Oxalis_chachahuensis,MartinezCarretero1570,MH220862,NA,MH998371,NA,NA,NA,NA,NA,2,TRUE,FALSE
Oxalis_ciliaris,Dreyer613,EU436979,NA,NA,NA,NA,AJ582307,EU437265,NA,3,TRUE,TRUE
Oxalis_ciliata,Cabral124,NA,NA,NA,OR099841,NA,OR099867,NA,NA,2,FALSE,FALSE
Oxalis_cinerea,Heibl03-095,JN634728,NA,JN602085,NA,NA,JN620125,NA,JN620091,4,TRUE,TRUE
Oxalis_cipoensis,Costa110,PQ536096,NA,NA,PQ585587,NA,PQ585604,NA,NA,3,TRUE,FALSE
Oxalis_clavifolia,Oberlander0141,EU436951,NA,NA,NA,NA,EU437090,EU437237,NA,3,TRUE,FALSE
Oxalis_colatinensis,Fiaschi4625,MH705069,NA,NA,MH705090,NA,MH705074,NA,MH705082,4,TRUE,TRUE
Oxalis_commutata,Dreyer606,EU436898,NA,NA,NA,NA,AJ582308,EU437186,NA,3,TRUE,TRUE
Oxalis_comosa,Mucina220901/30A,EU436954,NA,NA,NA,NA,EU437091,EU437240,NA,3,TRUE,FALSE
Oxalis_compacta,Teillier5013,JN634729,NA,JN602086,NA,NA,NA,NA,NA,2,TRUE,TRUE
Oxalis_compressa,BayerOberlander0009,EU436883,NA,NA,NA,NA,EU437046,EU437172,NA,3,TRUE,FALSE
Oxalis_comptonii,Dreyer802,EU436985,NA,NA,NA,NA,AJ582309,EU437272,NA,3,TRUE,TRUE
Oxalis_confertifolia,Oberlander0075,EU437011,NA,NA,NA,NA,EU437118,EU437297,NA,3,TRUE,FALSE
Oxalis_conorrhiza,Vaio175,KC602015,NA,NA,NA,NA,KC602069,NA,KC602096,3,TRUE,FALSE
Oxalis_convexula,Oberlander0014,EU436913,NA,NA,NA,NA,EU437067,EU437201,NA,3,TRUE,FALSE
Oxalis_copiosa,Oberlander0021,EU436887,NA,NA,NA,NA,EU437049,EU437176,NA,3,TRUE,FALSE
Oxalis_cordata,Cabral125,NA,NA,NA,OR099842,NA,OR099868,NA,NA,2,FALSE,FALSE
Oxalis_cornicarpa,Fiaschi5442,OQ310887,NA,NA,OQ296008,NA,OQ296035,NA,NA,3,TRUE,FALSE
Oxalis_corniculata,GardnerS1,KC602004,NA,NA,KC602032,NA,KC602056,NA,KC602085,4,TRUE,FALSE
Oxalis_corymbosa,Aoki16,LC206018,NA,NA,LC206126,NA,LC206340,NA,LC206233,4,TRUE,FALSE
Oxalis_crassipes,Emshwiller463,U74265,NA,NA,NA,NA,NA,NA,NA,1,TRUE,FALSE
Oxalis_cratensis,Vaio404,NA,NA,NA,MH705091,NA,MH705075,NA,MH705083,3,FALSE,FALSE
Oxalis_crocea,Dreyer693,EU436950,NA,NA,NA,NA,AJ582311,EU437236,NA,3,TRUE,TRUE
Oxalis_cuneata,Dreyer791,EU436969,NA,NA,NA,NA,EU437101,EU437255,NA,3,TRUE,FALSE
Oxalis_cuzcensis,Emshwiller532,NA,AF470254,NA,NA,NA,NA,NA,NA,1,FALSE,FALSE
Oxalis_cytisoides,Cabral139,OQ310874,NA,NA,OQ295995,NA,OQ296021,NA,NA,3,TRUE,TRUE
Oxalis_debilis,Vaio62,JN836774,NA,NA,JN836806,NA,JN836760,NA,JN836876,4,TRUE,TRUE
Oxalis_debilis_var_corymbosa,Vaio62,JN836774,NA,NA,JN836806,NA,JN836760,NA,JN836876,4,TRUE,FALSE
Oxalis_debilis_var_debilis,Emshwiller171,JN618521,NA,NA,JN836803,NA,EU437144,NA,JN836873,4,TRUE,TRUE
Oxalis_decaphylla,Rodriguez2610,JN618524,NA,NA,JN836820,NA,JN639559,NA,JN836889,4,TRUE,FALSE
Oxalis_decipiens,Richetti64,PQ536097,NA,NA,PQ585588,NA,PQ585605,NA,NA,3,TRUE,FALSE
Oxalis_densa,Oberlander0169,EU436921,NA,NA,NA,NA,EU437073,EU437209,NA,3,TRUE,FALSE
Oxalis_densifolia,Cabral93,OQ310875,NA,NA,OQ295996,NA,OQ296022,NA,NA,3,TRUE,TRUE
Oxalis_dentata,Cilliers0004,EU436888,NA,NA,NA,NA,AJ582312,EU437177,NA,3,TRUE,TRUE
Oxalis_depressa,Oberlander0085,EU436909,NA,NA,NA,NA,EU437064,EU437197,NA,3,TRUE,FALSE
Oxalis_deserticola,Oberlander0114,EU436939,NA,NA,NA,NA,EU437083,EU437226,NA,3,TRUE,FALSE
Oxalis_diamantinae,Richetti61,OQ623649,NA,NA,OR099851,NA,OR099876,NA,NA,3,TRUE,FALSE
Oxalis_dichotoma,Oberlander0052,EU436893,NA,NA,NA,NA,EU437053,EU437181,NA,3,TRUE,FALSE
Oxalis_dilatata,BayerOberlander0014,EU436910,NA,NA,NA,NA,EU437065,EU437198,NA,3,TRUE,FALSE
Oxalis_dillenii,Walter6565,EU436868,NA,NA,NA,NA,EU437034,EU437157,KC602090,3,TRUE,TRUE
Oxalis_dines,Helme1355,EU436943,NA,NA,NA,NA,EU437085,NA,NA,2,TRUE,FALSE
Oxalis_discolor,Gardner35,JN618525,NA,NA,JN836821,NA,JN639560,NA,JN836890,4,TRUE,FALSE
Oxalis_disticha,Oberlander0159,EU436942,NA,NA,NA,NA,EU437084,EU437229,NA,3,TRUE,FALSE
Oxalis_divaricata,Felix13386,KC602028,NA,NA,KC602055,NA,KC602082,NA,KC602111,4,TRUE,TRUE
Oxalis_divergens,Gardner58,JN618527,NA,NA,JN836822,NA,JN639561,NA,JN836891,4,TRUE,FALSE
Oxalis_dolichopoda,Emshwiller292,U74267,NA,NA,NA,NA,NA,NA,NA,1,TRUE,TRUE
Oxalis_dregei,Mucina210903/11,EU436930,NA,NA,NA,NA,AJ582313,EU437217,NA,3,TRUE,TRUE
Oxalis_droseroides,Oberlander0079,EU436994,NA,NA,NA,NA,EU437111,EU437280,NA,3,TRUE,FALSE
Oxalis_drummondii,Weller965,JN618528,NA,NA,JN836823,NA,JN639562,NA,JN836892,4,TRUE,FALSE
Oxalis_dumetorum,Mihoc7330,JN634731,NA,JN602088,NA,NA,NA,JN627222,NA,3,TRUE,TRUE
Oxalis_duriuscula,Oberlander0082,EU437020,NA,NA,NA,NA,EU437123,EU437306,NA,3,TRUE,FALSE
Oxalis_ebracteata,Dreyer644,EU436990,NA,NA,NA,NA,AJ582314,EU437276,NA,3,TRUE,TRUE
Oxalis_eckloniana,Dreyer628,EU437025,NA,NA,NA,NA,AJ582315,EU437311,NA,3,TRUE,TRUE
Oxalis_engleriana,Oberlander0010,EU436961,NA,NA,NA,NA,AJ582316,EU437247,NA,3,TRUE,TRUE
Oxalis_enneaphylla,HeiblMunozToro04-045,JN634732,NA,JN602089,NA,NA,JN620127,JN627223,JN620092,5,TRUE,FALSE
Oxalis_eriocarpa,Vaio31,KC602020,NA,NA,KC602046,NA,KC602073,NA,KC602100,4,TRUE,TRUE
Oxalis_eriolepis,Emshwiller155,JN618530,NA,NA,JN836824,NA,JN639563,NA,JN836893,4,TRUE,FALSE
Oxalis_erosa,UnknownN,MH705070,NA,NA,MH705092,NA,MH705076,NA,MH705084,4,TRUE,TRUE
Oxalis_erythrorhiza,Zuloaga12781,MH220857,NA,MH998365,NA,NA,NA,NA,NA,2,TRUE,FALSE
Oxalis_exserta,Dreyer686,EU436967,NA,NA,NA,NA,AJ582317,EU437253,NA,3,TRUE,TRUE
Oxalis_fabaefolia,Dreyer721/A,EU436925,NA,NA,NA,NA,EU437075,EU437212,NA,3,TRUE,FALSE
Oxalis_falcatula,Oberlander0096,EU436992,NA,NA,NA,NA,EU437109,EU437278,NA,3,TRUE,FALSE
Oxalis_famatinae,Zuloaga11970,MH220858,NA,MH998374,NA,NA,NA,NA,NA,2,TRUE,FALSE
Oxalis_fenestrata,MO1532,KF154263,NA,NA,NA,NA,NA,NA,NA,1,TRUE,FALSE
Oxalis_fergusoniae,Oberlander0111,EU436912,NA,NA,NA,NA,EU437066,EU437200,NA,3,TRUE,FALSE
Oxalis_fibrosa,Oberlander0051,EU436958,NA,NA,NA,NA,EU437095,EU437244,NA,3,TRUE,FALSE
Oxalis_flagellata,Emshwiller246,NA,AF098982,NA,NA,NA,NA,NA,NA,1,FALSE,FALSE
Oxalis_flava,Dreyer614,EU436924,NA,NA,NA,NA,AJ582318,EU437211,EU437372,3,TRUE,TRUE
Oxalis_flaviuscula,Dreyer701,EU436929,NA,NA,NA,NA,AJ582319,EU437216,NA,3,TRUE,TRUE
Oxalis_floribunda,Vaio358,JN836767,NA,NA,JN836790,NA,JN836758,NA,JN836861,4,TRUE,TRUE
Oxalis_floribunda_subsp_floribunda,Vaio358,JN836767,NA,NA,JN836790,NA,JN836758,NA,JN836861,4,TRUE,FALSE
Oxalis_floribunda_subsp_ostenii,Vaio388,KX249623,NA,NA,KX249665,NA,KX249647,NA,KX249648,4,TRUE,FALSE
Oxalis_fontana,Whang30761,EU274622,NA,NA,NA,NA,NA,NA,NA,1,TRUE,FALSE
Oxalis_formosana,Aoki181,LC206020,NA,NA,LC206128,NA,LC206342,NA,LC206235,4,TRUE,FALSE
Oxalis_fourcadei,BeanVlok2046,EU436923,NA,NA,NA,NA,EU437074,NA,NA,2,TRUE,FALSE
Oxalis_frutescens,Vaio426,KC602026,NA,NA,KC602051,NA,KC602080,NA,KC602106,4,TRUE,TRUE
Oxalis_fruticosa,Fiaschi4658,OQ310877,NA,NA,OQ295998,NA,OQ296024,NA,NA,3,TRUE,TRUE
Oxalis_furcillata,Oberlander0022,EU436952,NA,NA,NA,NA,AJ582320,EU437238,NA,3,TRUE,FALSE
Oxalis_galeottii,Gardner60,JN618531,NA,NA,JN836827,NA,JN639566,NA,JN836895,4,TRUE,FALSE
Oxalis_gardneriana,Scatigna1336,PQ847008,NA,NA,PQ846555,NA,NA,NA,NA,2,TRUE,FALSE
Oxalis_geralensis,UnknownN,KX249625,NA,NA,NA,NA,KX249650,NA,KX249649,3,TRUE,TRUE
Oxalis_giftbergensis,Dreyer796,EU436988,NA,NA,NA,NA,AJ582321,EU437274,NA,3,TRUE,FALSE
Oxalis_gigantea,HeiblMunozToro04-010,JN634733,NA,NA,NA,NA,NA,JN627224,JN620093,3,TRUE,FALSE
Oxalis_glabra,Mucina170601/2,EU437000,NA,NA,NA,NA,AJ582322,EU437286,NA,3,TRUE,FALSE
Oxalis_glaucescens,Felix13539,KC602029,NA,NA,KC602053,NA,KC602083,NA,KC602108,4,TRUE,TRUE
Oxalis_goniorrhiza,Oberlander0157,EU437002,NA,NA,NA,NA,EU437114,EU437288,NA,3,TRUE,FALSE
Oxalis_goyazensis,Cabral100,OQ623643,NA,NA,OR099845,NA,OR099871,NA,NA,3,TRUE,FALSE
Oxalis_gracilipes,Dreyer645,EU436991,NA,NA,NA,NA,EU437108,EU437277,NA,3,TRUE,FALSE
Oxalis_gracilis,Oberlander123,EU436976,NA,NA,NA,NA,EU437104,EU437262,NA,3,TRUE,FALSE
Oxalis_grammopetala,Oberlander0156,EU436906,NA,NA,NA,NA,EU437062,EU437194,NA,3,TRUE,FALSE
Oxalis_grammophylla,Dreyer670,EU437016,NA,NA,NA,NA,AJ582323,EU437302,NA,3,TRUE,TRUE
Oxalis_gregaria,Roe1597,JN618532,NA,NA,JN836826,NA,JN639565,NA,NA,3,TRUE,FALSE
Oxalis_griffithii,Aoki35,LC206055,NA,NA,LC206163,NA,LC206377,NA,LC206270,4,TRUE,FALSE
Oxalis_grisea,Vaio512,KC602025,NA,NA,KC602050,NA,KC602079,NA,KC602105,4,TRUE,TRUE
Oxalis_gyrorhiza,Heibl02-035,NA,NA,JN602093,NA,NA,JN620129,JN627225,NA,3,FALSE,TRUE
Oxalis_haedulipes,Mucina180903/9,EU436886,NA,NA,NA,NA,EU437048,EU437175,NA,3,TRUE,FALSE
Oxalis_hedysarifolia,Almeida1980,OQ623642,NA,NA,OR099840,NA,OR099866,NA,NA,3,TRUE,FALSE
Oxalis_hepatica,Nuernberg1800,OQ623645,NA,NA,OR099847,NA,OR099872,NA,NA,3,TRUE,FALSE
Oxalis_hernandesii,Gardner56,JN618534,NA,NA,JN836825,NA,JN639564,NA,JN836894,4,TRUE,FALSE
Oxalis_herrerae,Emshwiller459,U74269,NA,NA,NA,NA,NA,NA,NA,1,TRUE,FALSE
Oxalis_heterophylla,BayerOberlander0008,EU437018,NA,NA,NA,NA,EU437121,EU437304,NA,3,TRUE,FALSE
Oxalis_hirsutibulba,MO1519,KF154266,NA,NA,NA,NA,NA,NA,NA,1,TRUE,FALSE
Oxalis_hirsutissima,Cordeiro987,OQ623646,NA,NA,NA,NA,OR099874,NA,NA,2,TRUE,FALSE
Oxalis_hirta,Dreyer646,EU436971,NA,NA,NA,NA,AJ582324,EU437257,NA,3,TRUE,TRUE
Oxalis_hispidula,Vaio44,JN836776,NA,NA,JN836811,NA,JN836765,NA,NA,3,TRUE,FALSE
Oxalis_holosericea,HeiblPfanzelt05-025,JN634734,NA,JN607481,NA,JN587327,JN620130,JN627226,JN620094,6,TRUE,FALSE
Oxalis_humbertii,Emshwiller604,NA,AF470247,NA,NA,NA,NA,NA,NA,1,FALSE,FALSE
Oxalis_hyalotricha_subsp_borealis,Melo4854,OQ623648,NA,NA,OR099850,NA,OR099875,NA,NA,3,TRUE,TRUE
Oxalis_hyalotricha_subsp_hyalotricha,Cabral170,OQ623647,NA,NA,OR099849,NA,NA,NA,NA,2,TRUE,TRUE
Oxalis_hygrophila,KumwendaDreyer0001,EU437024,NA,NA,NA,NA,AJ582333,EU437310,NA,3,TRUE,FALSE
Oxalis_hypsophila,Dreyer805,EU436874,NA,NA,NA,JN587328,EU437040,EU437163,NA,3,TRUE,TRUE
Oxalis_idimae,Richetti70,OQ623652,NA,NA,OR099854,NA,OR099878,NA,NA,3,TRUE,FALSE
Oxalis_imbricata,Oberlander0062,EU436896,NA,NA,NA,NA,EU437056,EU437184,NA,3,TRUE,FALSE
Oxalis_impatiens,Bilk382a,OQ310878,NA,NA,OQ295999,NA,OQ296025,NA,NA,3,TRUE,FALSE
Oxalis_incana,HeiblPfanzelt05-045,JN634736,NA,JN607483,NA,JN587329,JN620132,JN627227,JN620095,6,TRUE,FALSE
Oxalis_incarnata,Emshwiller149,JN618509,NA,NA,JN836791,NA,JN639542,NA,JN836863,4,TRUE,TRUE
Oxalis_inconspicua,Dreyer707,EU436944,NA,NA,NA,NA,EU437086,EU437230,NA,3,TRUE,FALSE
Oxalis_inopinata,Fiaschi5544,OR964281,NA,NA,OR966574,NA,OR966575,NA,NA,3,TRUE,TRUE
Oxalis_itamarajuensis,Fiaschi4657,OQ310895,NA,NA,OQ296015,NA,OQ296043,NA,NA,3,TRUE,FALSE
Oxalis_itatingae,Fiaschi4472,PQ536098,NA,NA,PQ585599,NA,PQ585615,NA,NA,3,TRUE,FALSE
Oxalis_jacobinensis,Cabral226,PQ536099,NA,NA,PQ585590,NA,PQ585607,NA,NA,3,TRUE,FALSE
Oxalis_jacquiniana,Gardner43,JN618535,NA,NA,JN836830,NA,JN639569,NA,JN836898,4,TRUE,FALSE
Oxalis_johnstonii,Heibl01-080,NA,NA,JN607484,NA,NA,JN620133,NA,JN620096,3,FALSE,FALSE
Oxalis_kamiesbergensis,MO592cfkamiebergensis,EU436970,NA,NA,NA,NA,EU437102,EU437256,NA,3,TRUE,FALSE
Oxalis_kantoensis,Aoki25,LC206033,NA,NA,LC206141,NA,LC206355,NA,LC206248,4,TRUE,FALSE
Oxalis_knuthiana,Dreyer721,EU436884,NA,NA,NA,NA,AJ582325,EU437173,NA,3,TRUE,TRUE
Oxalis_kollmannii,Vasques53,PQ536100,NA,NA,PQ585591,NA,PQ585608,NA,NA,3,TRUE,FALSE
Oxalis_kuhlmannii,Fiaschi4662,OQ310880,NA,NA,OQ296001,NA,OQ296027,NA,NA,3,TRUE,FALSE
Oxalis_laciniata,HeiblMunozToro04-047,JN634737,NA,NA,NA,NA,JN620134,JN627228,JN620097,4,TRUE,TRUE
Oxalis_lanata,Dreyer751,EU437027,NA,NA,NA,NA,EU437125,NA,NA,2,TRUE,FALSE
Oxalis_lasiandra,Gardner69,JN618537,NA,NA,JN836831,NA,JN639570,NA,JN836899,4,TRUE,FALSE
Oxalis_lasiopetala,Vaio87,KX249626,NA,NA,KX249666,NA,KX249651,NA,KX249652,4,TRUE,FALSE
Oxalis_lasiorrhiza,MO1555,KM594529,NA,NA,NA,NA,NA,NA,NA,1,TRUE,FALSE
Oxalis_lateriflora,Dreyer651,EU436890,NA,NA,NA,NA,EU437051,NA,NA,2,TRUE,FALSE
Oxalis_latifolia,Gardner38,JN618539,NA,NA,JN836834,NA,JN639573,NA,JN836902,4,TRUE,FALSE
Oxalis_laxa,Zuloaga12428,MH220866,NA,MH998367,NA,NA,NA,NA,NA,2,TRUE,FALSE
Oxalis_laxa_subsp_hispidissima,Emshwiller1111,JN603195,NA,NA,NA,NA,JN639539,NA,JN836855,3,TRUE,FALSE
Oxalis_laxa_var_hispidissima,Heibl02-027,JN634739,NA,NA,NA,JN587333,JN620136,JN627230,JN620099,5,TRUE,FALSE
Oxalis_laxa_var_laxa,Heibl03-091,JN634738,NA,JN607486,NA,JN587332,JN620135,JN627229,JN620098,6,TRUE,FALSE
Oxalis_leonii,Costa122,OQ310892,NA,NA,OQ296012,NA,OQ296040,NA,NA,3,TRUE,TRUE
Oxalis_leptocalyx,Oberlander0076,EU437001,NA,NA,NA,NA,EU437113,EU437287,NA,3,TRUE,FALSE
Oxalis_leptogramma,Dreyer617,EU437014,NA,NA,NA,NA,AJ582327,EU437300,NA,3,TRUE,TRUE
Oxalis_leucolepis,Aoki420,LC206073,NA,NA,LC206181,NA,LC206395,NA,LC206288,4,TRUE,FALSE
Oxalis_lichenoides,Dreyer785,EU436919,NA,NA,NA,NA,AJ582328,EU437207,NA,3,TRUE,TRUE
Oxalis_linarantha,Wasum3369,JN618508,NA,NA,JN618508,NA,JN639541,NA,JN836862,3,TRUE,TRUE
Oxalis_linearis,Dreyer679,EU436972,NA,NA,NA,NA,AJ582329,EU437258,NA,3,TRUE,TRUE
Oxalis_livida,Oberlander0078,EU436889,NA,NA,NA,NA,EU437050,NA,NA,2,TRUE,FALSE
Oxalis_lomana,Heibl04-055,JN634740,NA,NA,NA,JN587311,NA,NA,JN620100,3,TRUE,FALSE
Oxalis_longissima,Emshwiller64/247,U74270,NA,NA,NA,NA,NA,NA,NA,1,TRUE,FALSE
Oxalis_loricata,HeiblPfanzelt05-006,JN634741,NA,JN607487,NA,JN587312,JN620137,NA,NA,4,TRUE,FALSE
Oxalis_lotoides,Emshwiller789,NA,AF470241,NA,NA,NA,NA,NA,NA,1,FALSE,FALSE
Oxalis_louisae,Dreyer708,EU436928,NA,NA,NA,NA,AJ582330,EU437215,NA,3,TRUE,TRUE
Oxalis_lucumayensis_subsp_lucumayensis,Emshwiller485,NA,AF470248,NA,NA,NA,NA,NA,NA,1,FALSE,FALSE
Oxalis_lucumayensis_subsp_subiens,Emshwiller289,NA,AF470250,NA,NA,NA,NA,NA,NA,1,FALSE,FALSE
Oxalis_luteola,Oberlander0026,EU436904,NA,NA,NA,NA,AJ582331,EU437192,NA,3,TRUE,FALSE
Oxalis_macrocarpa,Gardner49,JN618556,NA,NA,JN836819,NA,JN639558,NA,JN836888,4,TRUE,FALSE
Oxalis_magellanica,HeiblBotGardenMunich02,JN634742,NA,JN607488,NA,JN587313,JN620138,JN627231,JN620101,6,TRUE,FALSE
Oxalis_magnifica,Gardner68,JN618557,NA,NA,JN836839,NA,JN639578,NA,JN836907,4,TRUE,FALSE
Oxalis_mandioccana,Fiaschi4660,OQ310882,NA,NA,OQ296002,NA,OQ296029,NA,NA,3,TRUE,FALSE
Oxalis_martiana,Emshwiller445,U74290,NA,NA,NA,NA,NA,NA,NA,1,TRUE,FALSE
Oxalis_massoniana,Holmes0016,EU437015,NA,NA,NA,NA,EU437120,EU437301,NA,3,TRUE,FALSE
Oxalis_matancillae,HeiblMunozToro04-023,NA,NA,NA,NA,JN587334,NA,NA,NA,1,FALSE,FALSE
Oxalis_medicaginea,Emshwiller809,NA,AF470240,NA,NA,NA,NA,NA,NA,1,FALSE,FALSE
Oxalis_megalorrhiza,KrausK-139,JN634743,NA,NA,NA,NA,JN620139,JN627232,JN620102,4,TRUE,FALSE
Oxalis_meisneri,Oberlander0088,EU436993,NA,NA,NA,NA,EU437110,EU437279,NA,3,TRUE,FALSE
Oxalis_melanosticta,Dreyer622,EU436901,NA,NA,NA,NA,AJ582332,EU437189,NA,3,TRUE,TRUE
Oxalis_melilotoides,Emshwiller190,U74271,NA,NA,NA,NA,NA,NA,NA,1,TRUE,FALSE
Oxalis_micrantha,Heibl03-092,JN634744,NA,JN607490,NA,NA,JN620140,JN627233,NA,4,TRUE,TRUE
Oxalis_minuta,Dreyer727,EU437028,NA,NA,NA,NA,AJ582334,NA,NA,2,TRUE,FALSE
Oxalis_minuta_var_callosa,KumwendaDreyer1,NA,NA,NA,NA,NA,AJ582333,NA,NA,1,FALSE,FALSE
Oxalis_minuta_var_minuta,Dreyer727,NA,NA,NA,NA,NA,AJ582334,NA,NA,1,FALSE,FALSE
Oxalis_mollissima,Emshwiller359/x415,U74272,NA,NA,NA,NA,NA,NA,NA,1,TRUE,FALSE
Oxalis_monochasiata,Fiaschi4585,PQ536101,NA,NA,PQ585592,NA,PQ585609,NA,NA,3,TRUE,FALSE
Oxalis_monophylla,DreyerOberlander0003,EU436927,NA,NA,NA,NA,AJ582335,EU437214,NA,3,TRUE,TRUE
Oxalis_monticola,Vaio20,KX249630,NA,NA,KX249667,NA,KX249655,NA,KX249656,4,TRUE,FALSE
Oxalis_morelosii,Perez4856,JN618558,NA,NA,JN836840,NA,JN639579,NA,JN836908,4,TRUE,FALSE
Oxalis_morenoensis,Heibl01-009,JN634745,NA,JN607491,NA,NA,JN620141,NA,NA,3,TRUE,FALSE
Oxalis_multicaulis,Oberlander0080,EU436998,NA,NA,NA,NA,EU437112,EU437284,NA,3,TRUE,FALSE
Oxalis_muscoides,Zuloaga12256,MH220856,NA,MH998369,NA,NA,NA,NA,NA,2,TRUE,FALSE
Oxalis_nahuelhuapiensis,Pfanzelt227,NA,NA,JN607492,NA,NA,NA,JN627234,NA,2,FALSE,FALSE
Oxalis_namaquana,Dreyer713,EU436941,NA,NA,NA,NA,AJ582336,EU437228,NA,3,TRUE,TRUE
Oxalis_natans,Oberlander0160,EU437009,NA,NA,NA,NA,EU437117,EU437295,NA,3,TRUE,FALSE
Oxalis_nelsonii,Gardner66,JN618559,NA,NA,JN836841,NA,JN639580,NA,JN836909,4,TRUE,TRUE
Oxalis_neuwiedii,EMA1336,MH705072,NA,NA,MH705094,NA,MH705078,NA,MH705086,4,TRUE,FALSE
Oxalis_nidulans,Dreyer752,EU437026,NA,NA,NA,NA,AJ582337,EU437312,NA,3,TRUE,TRUE
Oxalis_niederleinii,Vaio190,KC602018,NA,NA,KC602044,NA,KC602071,NA,KC602098,4,TRUE,FALSE
Oxalis_nivea,MO1462,JQ716441,NA,NA,NA,NA,NA,JQ716445,NA,2,TRUE,FALSE
Oxalis_nortieri,Oberlander0112,EU436914,NA,NA,NA,NA,EU437068,EU437202,NA,3,TRUE,FALSE
Oxalis_novemfoliolata,Heibl01-078,NA,NA,JN607493,NA,NA,JN620142,NA,NA,2,FALSE,FALSE
Oxalis_nubigena,Emshwiller345,NA,AF470267,NA,NA,NA,NA,NA,NA,1,FALSE,FALSE
Oxalis_obliquifolia,Bellstedt711,EU436915,NA,NA,NA,NA,EU437069,EU437203,NA,3,TRUE,FALSE
Oxalis_oblongiformis,Emshwiller797,NA,AF470260,NA,NA,NA,NA,NA,NA,1,FALSE,FALSE
Oxalis_obtriangulata,JNU140,DQ151555,NA,NA,NA,NA,NA,NA,NA,1,TRUE,FALSE
Oxalis_obtusa,Dreyer691,EU436922,NA,NA,NA,NA,AJ582338,EU437210,NA,3,TRUE,TRUE
Oxalis_occulta,Fiaschi5058,OQ310894,NA,NA,OQ296014,NA,OQ296042,NA,NA,3,TRUE,TRUE
Oxalis_oculifera,Dreyer799,EU436953,NA,NA,NA,NA,AJ582339,EU437239,NA,3,TRUE,TRUE
Oxalis_oligophylla,Dreyer797,EU437023,NA,NA,NA,NA,AJ582340,EU437309,NA,3,TRUE,TRUE
Oxalis_orbicularis,Oberlander0066,EU436899,NA,NA,NA,NA,EU437058,EU437187,NA,3,TRUE,FALSE
Oxalis_oregana,Olmstead2003-33,JN159893,NA,NA,JN836782,NA,JN639536,NA,JN836852,4,TRUE,TRUE
Oxalis_oreocharis,Emshwiller583,JN618561,NA,NA,JN836843,NA,EU437142,NA,JN836911,4,TRUE,FALSE
Oxalis_oreophila,Dreyer666,EU436975,NA,NA,NA,NA,AJ582341,EU437261,NA,3,TRUE,TRUE
Oxalis_ornithopus,HeiblMunozToro04-015,NA,NA,JN607494,NA,NA,NA,JN627235,JN620104,3,FALSE,FALSE
Oxalis_ortgiesii,Emshwiller458,U74273,AF098984,NA,NA,NA,NA,NA,NA,1,TRUE,TRUE
Oxalis_orthopoda,Oberlander0068,EU436956,NA,NA,NA,NA,EU437093,EU437242,NA,3,TRUE,FALSE
Oxalis_oulophora,Emshwiller308,U74274,AF098978,NA,NA,NA,NA,NA,NA,1,TRUE,TRUE
Oxalis_pachyrrhiza,Weigend8479,JN634747,NA,JN607495,NA,JN587316,JN620144,NA,JN620105,5,TRUE,FALSE
Oxalis_pallens,Dreyer654,EU436997,NA,NA,NA,NA,AJ582342,EU437283,NA,3,TRUE,TRUE
Oxalis_palmifrons,Holmes0019,EU437021,NA,NA,NA,NA,EU437124,EU437307,NA,3,TRUE,FALSE
Oxalis_paludosa,Vaio479,KC602011,NA,NA,KC602040,NA,KC602066,NA,KC602092,4,TRUE,FALSE
Oxalis_pampeana,Nuernberg1875,OQ623640,NA,NA,OR099838,NA,OR099865,NA,NA,3,TRUE,FALSE
Oxalis_paposana,Heibl03-062,JN634748,NA,JN607496,NA,NA,JN620145,NA,JN620106,4,TRUE,FALSE
Oxalis_paranaensis,VaioC2,KC602024,NA,NA,KC602049,NA,KC602076,NA,KC602103,4,TRUE,FALSE
Oxalis_pardoensis,Caxambu5990,OL998717,NA,NA,NA,NA,NA,NA,NA,1,TRUE,FALSE
Oxalis_paucartambensis,Emshwiller548,NA,AF470253,NA,NA,NA,NA,NA,NA,1,FALSE,FALSE
Oxalis_peduncularis,Emshwiller418,U74276,NA,NA,NA,NA,NA,NA,NA,1,TRUE,FALSE
Oxalis_peduncularis_var_pilosa,Emshwiller791,NA,AF470265,NA,NA,NA,NA,NA,NA,1,FALSE,FALSE
Oxalis_pendulifolia,Oberlander0067,EU437019,NA,NA,NA,NA,EU437122,EU437305,NA,3,TRUE,FALSE
Oxalis_penicillata,HeiblPfanzelt05-032,JN634749,NA,NA,NA,JN587336,NA,JN627237,JN620107,4,TRUE,TRUE
Oxalis_perdicaria,HeiblBotGardenMunich03,JN634750,NA,NA,NA,JN587337,JN620147,NA,JN620108,4,TRUE,FALSE
Oxalis_pes-caprae,Aoki6,LC206097,NA,NA,LC206204,NA,LC206418,NA,LC206311,4,TRUE,FALSE
Oxalis_petricola,MO1472,JQ716439,NA,NA,NA,NA,NA,JQ716444,NA,2,TRUE,FALSE
Oxalis_petrophila,Emshwiller933,NA,AF470266,NA,NA,NA,NA,NA,NA,1,FALSE,FALSE
Oxalis_phloxidiflora,Dreyer678,EU436984,NA,NA,NA,NA,EU437106,EU437270,NA,3,TRUE,FALSE
Oxalis_physocalyx,Melo6953,OQ310888,NA,NA,OQ296009,NA,OQ296036,NA,NA,3,TRUE,TRUE
Oxalis_picchensis,Emshwiller500,NA,AF470257,NA,NA,NA,NA,NA,NA,1,FALSE,FALSE
Oxalis_pillansiana,Oberlander0135,EU436938,NA,NA,NA,NA,EU437082,EU437225,NA,3,TRUE,FALSE
Oxalis_pinguiculacea,Wood22147,JN618562,NA,NA,JN836818,NA,JN639557,NA,JN836887,4,TRUE,FALSE
Oxalis_pocockiae,Dreyer626,EU436911,NA,NA,NA,NA,AJ582344,EU437199,NA,3,TRUE,TRUE
Oxalis_polymorpha_var_cauliflora,Richetti70,OQ623652,NA,NA,OR099854,NA,OR099878,NA,NA,3,TRUE,FALSE
Oxalis_polyphylla,Cilliers0002,EU437010,NA,NA,NA,NA,AJ582345,EU437296,NA,3,TRUE,FALSE
Oxalis_polyrhiza,Emshwiller960,NA,AF470316,NA,NA,NA,NA,NA,NA,1,FALSE,FALSE
Oxalis_porphyriosiphon,Oberlander0167,EU436987,NA,NA,NA,NA,EU437107,EU437273,NA,3,TRUE,FALSE
Oxalis_praetexta,Cabral159,OQ310889,NA,NA,OQ296010,NA,OQ296037,NA,NA,3,TRUE,FALSE
Oxalis_primavera,Gardner50,JN618563,NA,NA,JN836844,NA,JN639582,NA,JN836912,4,TRUE,FALSE
Oxalis_primuloides,Dreyer711,EU436966,NA,NA,NA,NA,AJ582346,EU437252,NA,3,TRUE,TRUE
Oxalis_pseudocernua,Craven4781,EU436880,NA,NA,NA,NA,EU437045,EU437169,NA,3,TRUE,FALSE
Oxalis_psilopoda,Oberlander0064,EU436891,NA,NA,NA,NA,EU437052,EU437179,NA,3,TRUE,FALSE
Oxalis_psoraleoides,Felix14001,KC602030,NA,NA,KC602054,NA,EU437128,NA,KC602109,4,TRUE,FALSE
Oxalis_psoraleoides_subsp_insipida,Antar1317,NA,NA,NA,OR099856,NA,OR099880,NA,NA,2,FALSE,FALSE
Oxalis_ptychoclada,Emshwiller916,JN603197,NA,NA,JN836786,NA,EU437134,NA,JN836857,4,TRUE,TRUE
Oxalis_ptychoclada_var_trichocarpa,Emshwiller600,NA,AF470262,NA,NA,NA,NA,NA,NA,1,FALSE,FALSE
Oxalis_puberula,Rhoden7,PQ536102,NA,NA,PQ585596,NA,PQ585612,NA,NA,3,TRUE,FALSE
Oxalis_pulchella,Dreyer612,EU436907,NA,NA,NA,NA,AJ582347,EU437195,NA,3,TRUE,TRUE
Oxalis_punctata,Cilliers0005,EU436917,NA,NA,NA,NA,AJ582367,EU437205,NA,3,TRUE,FALSE
Oxalis_purpurascens,Dreyer634,EU436881,NA,NA,NA,NA,AJ582348,EU437170,NA,3,TRUE,TRUE
Oxalis_purpurata,MO1118,FJ426283,NA,NA,NA,NA,NA,NA,NA,1,TRUE,FALSE
Oxalis_purpurea,Oberlander0024,EU436902,NA,NA,NA,NA,AJ582349,EU437190,NA,3,TRUE,TRUE
Oxalis_pusilla,Dreyer746,EU437004,NA,NA,NA,NA,AJ582350,EU437290,NA,3,TRUE,TRUE
Oxalis_pycnophylla,Heibl01-005,NA,NA,JN607498,NA,JN587318,JN620148,NA,NA,3,FALSE,FALSE
Oxalis_pyrenea_var_macrochaeta,Cabral96,OQ623651,NA,NA,OR099858,NA,OR099881,NA,NA,3,TRUE,TRUE
Oxalis_pyrenea_var_pyrenea,Sartor65,PP175927,NA,NA,PP179509,NA,PP179513,NA,NA,3,TRUE,FALSE
Oxalis_reclinata,Dreyer718,EU436968,NA,NA,NA,NA,AJ582351,EU437254.,NA,3,TRUE,TRUE
Oxalis_recticaulis,Oberlander0170,EU437003,NA,NA,NA,NA,EU437115,EU437289,NA,3,TRUE,FALSE
Oxalis_refracta,Vaio496,KC602019,NA,NA,KC602045,NA,KC602072,NA,KC602099,4,TRUE,FALSE
Oxalis_regnellii,Emshwiller456,U74279,NA,NA,NA,NA,NA,NA,NA,1,TRUE,FALSE
Oxalis_rhombeo-ovata,Melo4750,PQ536103,NA,NA,PQ585597,NA,PQ585613,NA,NA,3,TRUE,FALSE
Oxalis_ricardii,Heibl01-072,NA,NA,NA,NA,JN587319,NA,NA,JN620109,2,FALSE,FALSE
Oxalis_rigida,Heibl03-096,NA,NA,JN607499,NA,NA,JN620149,NA,NA,2,FALSE,FALSE
Oxalis_rosea,Lammers7916,JN603194,NA,NA,JN836784,NA,JN639538,JN627238,JN836854,4,TRUE,TRUE
Oxalis_roselata,Rhoden16,PQ536104,NA,NA,PQ585586,NA,PQ585603,NA,NA,3,TRUE,FALSE
Oxalis_rosettifolia,JQ716442,JQ716446,NA,NA,NA,NA,NA,,NA,2,TRUE,FALSE
Oxalis_rubricallosa,MO1461,JQ716438,NA,NA,NA,NA,NA,JQ716443,NA,2,TRUE,FALSE
Oxalis_salteri,Dreyer784,EU436932,NA,NA,NA,NA,AJ582352,EU437219,NA,3,TRUE,TRUE
Oxalis_sarmentosa,VaioC13,KC602022,NA,NA,KC602048,NA,KC602075,NA,KC602102,4,TRUE,FALSE
Oxalis_sciophila,Costa118,OQ310890,NA,NA,OQ296011,NA,OQ296039,NA,NA,3,TRUE,TRUE
Oxalis_sellowiana,Vaio73,JN836780,NA,NA,JN836805,NA,JN836759,NA,JN836875,4,TRUE,TRUE
Oxalis_sellowiana_forma_alba,Vaio282,JN836779,NA,NA,JN836809,NA,JN836763,NA,JN836879,4,TRUE,FALSE
Oxalis_sellowii,Cabral109,OQ623655,NA,NA,OR099860,NA,OR099883,NA,NA,3,TRUE,TRUE
Oxalis_serpens,VaioC27,KC602017,NA,NA,KC602043,NA,KC602070,NA,KC602097,4,TRUE,FALSE
Oxalis_setosa,Bellstedt770,EU436916,NA,NA,NA,NA,EU437070,EU437204,NA,3,TRUE,FALSE
Oxalis_smalliana,Brinegar,MW843007,NA,NA,MW863663,NA,NA,NA,NA,2,TRUE,FALSE
Oxalis_smithiana,Bellstedt699,EU436964,NA,NA,NA,NA,EU437099,EU437250,NA,3,TRUE,FALSE
Oxalis_sonderiana,Dreyer694,EU436945,NA,NA,NA,NA,EU437087,EU437231,NA,3,TRUE,FALSE
Oxalis_sp,Mannheimer2591,EU436885,NA,NA,NA,NA,EU437047,EU437174,NA,3,TRUE,FALSE
Oxalis_sp_aff_ptychoclada,Emshwiller916,NA,AF470251,NA,NA,NA,NA,NA,NA,1,FALSE,FALSE
Oxalis_sp_Betete,Vaio297,KX249631,NA,NA,KX249668,NA,KX249657,NA,KX249658,4,TRUE,FALSE
Oxalis_sp_Cuervos,Vaio294,KX249632,NA,NA,KX249669,NA,KX249659,NA,KX249660,4,TRUE,FALSE
Oxalis_sp_n_A,Emshwiller504,NA,AF470252,NA,NA,NA,NA,NA,NA,1,FALSE,FALSE
Oxalis_sp_n_C,Emshwiller592,NA,AF470246,NA,NA,NA,NA,NA,NA,1,FALSE,FALSE
Oxalis_sp_n_V,Emshwiller807,NA,AF470261,NA,NA,NA,NA,NA,NA,1,FALSE,FALSE
Oxalis_spiralis,Aoki85,LC206110,NA,NA,LC206217,NA,LC206431,NA,LC206324,4,TRUE,FALSE
Oxalis_squamata,HeiblPfanzelt05-027,JN634752,NA,NA,NA,JN587339,NA,NA,JN620110,3,TRUE,TRUE
Oxalis_squarrosa,Arancio14804,NA,NA,JN607502,NA,JN587340,NA,NA,NA,2,FALSE,FALSE
Oxalis_staffordiana,Emshwiller512,NA,AF470314,NA,NA,NA,NA,NA,NA,1,FALSE,FALSE
Oxalis_stellata,Oberlander0086,EU436894,NA,NA,NA,NA,EU437054,EU437182,NA,3,TRUE,FALSE
Oxalis_stenopetala,Dreyer675,EU436983,NA,NA,NA,NA,AJ582353,EU437269,NA,3,TRUE,TRUE
Oxalis_stenoptera,Oberlander0138,EU436934,NA,NA,NA,NA,EU437079,EU437221,NA,3,TRUE,FALSE
Oxalis_stictocheila,Dreyer749,EU436996,NA,NA,NA,NA,AJ582355,EU437282,NA,3,TRUE,TRUE
Oxalis_stricta,GardnerstrictaB,NA,NA,NA,KC602037,NA,KC602061,NA,KC602089,3,FALSE,FALSE
Oxalis_strigosa,Oberlander0093,EU436959,NA,NA,NA,NA,EU437096,EU437245,NA,3,TRUE,FALSE
Oxalis_suavis,Oberlander0075,EU436937,NA,NA,NA,NA,EU437081,EU437224,NA,3,TRUE,FALSE
Oxalis_subacaulis,Salomon245,MH220865,NA,MH998373,NA,NA,NA,NA,NA,2,TRUE,FALSE
Oxalis_subintegra,Emshwiller799,NA,AF470242,NA,NA,NA,NA,NA,NA,1,FALSE,FALSE
Oxalis_suborbiculata,Cabral110,OQ623656,NA,NA,OR099861,NA,OR099884,NA,NA,3,TRUE,TRUE
Oxalis_suteroides,Oberlander0115,EU436963,NA,NA,NA,NA,EU437098,EU437249,NA,3,TRUE,FALSE
Oxalis_tabaconasensis,Emshwiller786,NA,AF470264,NA,NA,NA,NA,NA,NA,1,FALSE,FALSE
Oxalis_taimonii,Wang4456,LC206081,NA,NA,LC215384,NA,NA,NA,NA,2,TRUE,FALSE
Oxalis_tenella,Dreyer639,EU436978,NA,NA,NA,NA,AJ582356,EU437264,NA,3,TRUE,TRUE
Oxalis_teneriensis,Emshwiller511,NA,AF470315,NA,NA,NA,NA,NA,NA,1,FALSE,FALSE
Oxalis_tenerrima,VaioC30,KC602012,NA,NA,KC602041,NA,KC602067,NA,KC602093,4,TRUE,FALSE
Oxalis_tenuifolia,Oberlander0027,EU436995,NA,NA,NA,NA,EU437112,EU437281,NA,3,TRUE,FALSE
Oxalis_tenuipes,Dreyer800,EU436986,NA,NA,NA,NA,AJ582358,EU437271,NA,3,TRUE,TRUE
Oxalis_tenuis,Dreyer793,EU436989,NA,NA,NA,NA,AJ582359,EU437275,NA,3,TRUE,TRUE
Oxalis_tetraphylla,EmshwillerDEPP,JN618566,NA,NA,JN836847,NA,JN639585,NA,JN836914,4,TRUE,FALSE
Oxalis_tomentosa,Roller0006,EU437022,NA,NA,NA,NA,AJ582360,EU437308,NA,3,TRUE,FALSE
Oxalis_tortuosa,KrausK-94,JN634754,NA,JN607503,NA,JN587341,NA,JN627240,JN620111,5,TRUE,FALSE
Oxalis_triangularis,Emshwiller456,JN618512,NA,NA,JN836793,NA,EU437141,NA,NA,3,TRUE,FALSE
Oxalis_triangularis_subsp_papilionacea,Emshwiller456,JN618512,NA,NA,JN836793,NA,EU437141,NA,JN836864,4,TRUE,TRUE
Oxalis_triangularis_subsp_triangularis,MO1165,FJ410328,NA,NA,NA,NA,NA,NA,NA,1,TRUE,TRUE
Oxalis_triangulata,Aoki34,LC206052,NA,NA,LC206160,NA,LC206374,NA,LC206267,4,TRUE,FALSE
Oxalis_trillifolia,MO275113,LC368450,NA,NA,LC368452,NA,LC368454,NA,LC368453,4,TRUE,FALSE
Oxalis_trollii,Wood22158,JN618569,NA,NA,JN836849,NA,JN639587,NA,JN836916,4,TRUE,FALSE
Oxalis_truncatula,Dreyer605,EU436960,NA,NA,NA,NA,AJ582361,EU437246,NA,3,TRUE,TRUE
Oxalis_tuberosa,Emshwiller97:50-02,JN603198,NA,NA,JN836787,NA,KC602077,NA,KC602104,4,TRUE,FALSE
Oxalis_uliginosa,MO394uliginosa,EU436933,NA,NA,NA,NA,EU437078,EU437220,NA,3,TRUE,FALSE
Oxalis_umbraticola,Richetti69,PQ536105,NA,NA,PQ585600,NA,PQ585616,NA,NA,3,TRUE,FALSE
Oxalis_unduavensis,Emshwiller168/291/351,U74260,NA,NA,NA,NA,NA,NA,NA,1,TRUE,FALSE
Oxalis_urbaniana,Bytebier2015,EU436999,NA,NA,NA,NA,AJ582362,EU437285,NA,3,TRUE,FALSE
Oxalis_valdiviensis,HeiblPfanzelt05-016,JN634755,NA,NA,NA,JN587342,JN620152,EU437162,JN620112,4,TRUE,TRUE
Oxalis_veadeirosensis,Fiaschi5330,PQ847009,NA,NA,PQ846557,NA,PQ846558,NA,NA,3,TRUE,FALSE
Oxalis_versicolor,Oberlander0034,EU437006,NA,NA,NA,NA,AJ582363,EU437292,NA,3,TRUE,TRUE
Oxalis_villosula,UnknownN,Z66547,NA,NA,NA,NA,NA,NA,NA,1,TRUE,FALSE
Oxalis_violacea,GardnerAGVIO1,JN618570,NA,NA,JN836850,NA,JN639588,NA,JN836917,4,TRUE,FALSE
Oxalis_virgata,Emshwiller292,U74267,NA,NA,NA,NA,EU437131,NA,NA,2,TRUE,FALSE
Oxalis_virginea,MO580virginea,EU436955,NA,NA,NA,NA,EU437092,EU437241,NA,3,TRUE,FALSE
Oxalis_virgosa,Ehrhart6-134,NA,NA,NA,NA,JN587343,JN620153,NA,NA,2,FALSE,FALSE
Oxalis_viscosa,Dreyer642,EU436949,NA,NA,NA,NA,AJ582364,EU437235,NA,3,TRUE,TRUE
Oxalis_vulcanicola,MO702cfhedysaroides,EU436872,NA,NA,NA,NA,EU437038,EU437161,NA,3,TRUE,FALSE
Oxalis_weberbaueri,Emshwiller746,NA,AF470259,NA,NA,NA,NA,NA,NA,1,FALSE,FALSE
Oxalis_wulingensis,Deng544,JX445132,NA,NA,NA,NA,NA,NA,NA,1,TRUE,FALSE
Oxalis_xantha,Dreyer671,EU436980,NA,NA,NA,NA,AJ582365,EU437266,NA,3,TRUE,TRUE
Oxalis_yungasensis,Emshwiller437/350,U74286,NA,NA,NA,NA,NA,NA,NA,1,TRUE,FALSE
Oxalis_zamorana,Balslev6515,OQ623657,NA,NA,NA,NA,OR099886,NA,NA,2,TRUE,FALSE
Oxalis_zeekoevleyensis,Oberlander0012,EU436900,NA,NA,NA,NA,EU437059,EU437188,NA,3,TRUE,FALSE
Oxalis_zeyheri,MO590cfzeyheri,EU436962,NA,NA,NA,NA,EU437097,EU437248,NA,3,TRUE,FALSE
Pancheria_hirsuta,CUN132,PQ778260,NA,NA,NA,NA,PQ878988,NA,NA,2,TRUE,FALSE
Peripentadenia_phelpsii,Crayn887,DQ448678,NA,NA,NA,NA,DQ444671,NA,NA,2,TRUE,FALSE
Rourea_microphylla,MT537171,NA,NA,1,1,1,1,1,1,6,FALSE,FALSE
Sarcotheca_monophylla,SARMON,EU436860,NA,NA,NA,NA,EU437030,EU437149,NA,3,TRUE,FALSE
Sericolea_micans,Crayn536,KJ675672,NA,NA,NA,NA,DQ444673,NA,NA,2,TRUE,FALSE
Sloanaea_syandra,UnknownN,OK052512,NA,NA,NA,NA,NA,NA,NA,1,TRUE,FALSE
Spiraeopsis_celebica,UnknownN,AF485641,NA,NA,NA,AF291923,AF299217,NA,NA,3,TRUE,FALSE
Vallea_stipularis,Chase654,DQ448665,NA,NA,NA,NA,DQ444664,NA,NA,2,TRUE,FALSE
Vesselowskya_rubifolia,CUN136,PQ778296,NA,NA,NA,NA,PQ879030,NA,NA,2,TRUE,FALSE
Weinmannia_reticulata,CUN111,PQ778279,NA,NA,NA,NA,PQ879007,NA,NA,2,TRUE,FALSE
